Athlete Name,Medal Type,Medal Date,Country Code,Gender,Sport Discipline
Remco EVENEPOEL,Gold Medal,7/27/2024,BEL,M,Cycling Road
Filippo GANNA,Silver Medal,7/27/2024,ITA,M,Cycling Road
Aaron Marquel BROOKS,Bronze Medal,8/9/2024,USA,M,Wrestling
China,Gold Medal,7/27/2024,CHN,F,Diving
United States,Silver Medal,7/27/2024,USA,F,Diving
Abraham KIBIWOT,Bronze Medal,8/7/2024,KEN,M,Athletics
OH Sanguk,Gold Medal,7/27/2024,KOR,M,Fencing
Fares FERJANI,Silver Medal,7/27/2024,TUN,M,Fencing
Adil OSMANOV,Bronze Medal,7/29/2024,MDA,M,Judo
KONG Man Wai Vivian,Gold Medal,7/27/2024,HKG,F,Fencing
Auriane MALLO-BRETON,Silver Medal,7/27/2024,FRA,F,Fencing
Aira VILLEGAS,Bronze Medal,8/6/2024,PHI,F,Boxing
Yeldos SMETOV,Gold Medal,7/27/2024,KAZ,M,Judo
Luka MKHEIDZE,Silver Medal,7/27/2024,FRA,M,Judo
Aisuluu TYNYBEKOVA,Bronze Medal,8/10/2024,KGZ,F,Wrestling
Akzhol MAKHMUDOV,Bronze Medal,8/7/2024,KGZ,M,Wrestling
TSUNODA Natsumi,Gold Medal,7/27/2024,JPN,F,Judo
Baasankhuu BAVUUDORJ,Silver Medal,7/27/2024,MGL,F,Judo
Alan HATHERLY,Bronze Medal,7/29/2024,RSA,M,Cycling Mountain Bike
Aleksandra KALUCKA,Bronze Medal,8/7/2024,POL,F,Sport Climbing
France,Gold Medal,7/27/2024,FRA,M,Rugby Sevens
Fiji,Silver Medal,7/27/2024,FIJ,M,Rugby Sevens
Alisher YUSUPOV,Bronze Medal,8/2/2024,UZB,M,Judo
United States,Gold Medal,7/27/2024,USA,M,Swimming
Australia,Silver Medal,7/27/2024,AUS,M,Swimming
Alison dos SANTOS,Bronze Medal,8/9/2024,BRA,M,Athletics
Australia,Gold Medal,7/27/2024,AUS,F,Swimming
United States,Silver Medal,7/27/2024,USA,F,Swimming
Alizadeh KIMIA,Bronze Medal,8/8/2024,BUL,F,Taekwondo
Ally WOLLASTON,Bronze Medal,8/11/2024,NZL,F,Cycling Track
Pauline FERRAND PREVOT,Gold Medal,7/28/2024,FRA,F,Cycling Mountain Bike
Haley BATTEN,Silver Medal,7/28/2024,USA,F,Cycling Mountain Bike
Alvaro MARTIN,Bronze Medal,8/1/2024,ESP,M,Athletics
KANO Koki,Gold Medal,7/28/2024,JPN,M,Fencing
Yannick BOREL,Silver Medal,7/28/2024,FRA,M,Fencing
Alysha NEWMAN,Bronze Medal,8/7/2024,CAN,F,Athletics
Lee KIEFER,Gold Medal,7/28/2024,USA,F,Fencing
Lauren SCRUGGS,Silver Medal,7/28/2024,USA,F,Fencing
Aman AMAN,Bronze Medal,8/9/2024,IND,M,Wrestling
ABE Hifumi,Gold Medal,7/28/2024,JPN,M,Judo
Willian LIMA,Silver Medal,7/28/2024,BRA,M,Judo
Amandine BUCHARD,Bronze Medal,7/28/2024,FRA,F,Judo
Amin MIRZAZADEH,Bronze Medal,8/6/2024,IRI,M,Wrestling
Diyora KELDIYOROVA,Gold Medal,7/28/2024,UZB,F,Judo
Distria KRASNIQI,Silver Medal,7/28/2024,KOS,F,Judo
Amirali AZARPIRA,Bronze Medal,8/11/2024,IRI,M,Wrestling
Ana BARBOSU,Bronze Medal,8/5/2024,ROU,F,Artistic Gymnastics
XIE Yu,Gold Medal,7/28/2024,CHN,M,Shooting
Federico Nilo MALDINI,Silver Medal,7/28/2024,ITA,M,Shooting
Anderson PETERS,Bronze Medal,8/8/2024,GRN,M,Athletics
OH Ye Jin,Gold Medal,7/28/2024,KOR,F,Shooting
KIM Yeji,Silver Medal,7/28/2024,KOR,F,Shooting
Andy DIAZ HERNANDEZ,Bronze Medal,8/9/2024,ITA,M,Athletics
YOSHIZAWA Coco,Gold Medal,7/28/2024,JPN,F,Skateboarding
AKAMA Liz,Silver Medal,7/28/2024,JPN,F,Skateboarding
Angie Paola PALACIOS DAJOMES,Bronze Medal,8/9/2024,ECU,F,Weightlifting
Nicolo MARTINENGHI,Gold Medal,7/28/2024,ITA,M,Swimming
Adam PEATY,Silver Medal,7/28/2024,GBR,M,Swimming
Nic FINK,Silver Medal,7/28/2024,USA,M,Swimming
Leon MARCHAND,Gold Medal,7/28/2024,FRA,M,Swimming
MATSUSHITA Tomoyuki,Silver Medal,7/28/2024,JPN,M,Swimming
Annelous LAMMERTS,Bronze Medal,8/8/2024,NED,F,Sailing
Torri HUSKE,Gold Medal,7/28/2024,USA,F,Swimming
Gretchen WALSH,Silver Medal,7/28/2024,USA,F,Swimming
Anthony JEANJEAN,Bronze Medal,7/31/2024,FRA,M,Cycling BMX Freestyle
Arlen LOPEZ CARDONA,Bronze Medal,8/4/2024,CUB,M,Boxing
Manon APITHY-BRUNET,Gold Medal,7/29/2024,FRA,F,Fencing
Sara BALZER,Silver Medal,7/29/2024,FRA,F,Fencing
Audrey GOGNIAT,Bronze Medal,7/29/2024,SUI,F,Shooting
Hidayat HEYDAROV,Gold Medal,7/29/2024,AZE,M,Judo
Joan-Benjamin GABA,Silver Medal,7/29/2024,FRA,M,Judo
Augusto AKIO,Bronze Medal,8/7/2024,BRA,M,Skateboarding
Nicolas GESTIN,Gold Medal,7/29/2024,FRA,M,Canoe Slalom
Adam BURGESS,Silver Medal,7/29/2024,GBR,M,Canoe Slalom
Balint KOPASZ,Bronze Medal,8/10/2024,HUN,M,Canoe Sprint
HORIGOME Yuto,Gold Medal,7/29/2024,JPN,M,Skateboarding
Jagger EATON,Silver Medal,7/29/2024,USA,M,Skateboarding
BARROWS/HENKEN,Bronze Medal,8/2/2024,USA,M,Sailing
Thomas CECCON,Gold Medal,7/29/2024,ITA,M,Swimming
XU Jiayu,Silver Medal,7/29/2024,CHN,M,Swimming
Beatriz Iasmin SOARES FERREIRA,Bronze Medal,8/3/2024,BRA,F,Boxing
David POPOVICI,Gold Medal,7/29/2024,ROU,M,Swimming
Matthew RICHARDS,Silver Medal,7/29/2024,GBR,M,Swimming
Benson KIPRUTO,Bronze Medal,8/10/2024,KEN,M,Athletics
Tatjana SMITH,Gold Medal,7/29/2024,RSA,F,Swimming
TANG Qianting,Silver Medal,7/29/2024,CHN,F,Swimming
Beth POTTER,Bronze Medal,7/31/2024,GBR,F,Triathlon
Mollie O'CALLAGHAN,Gold Medal,7/29/2024,AUS,F,Swimming
Ariarne TITMUS,Silver Medal,7/29/2024,AUS,F,Swimming
Bozhidar Dimitrov ANDREEV,Bronze Medal,8/8/2024,BUL,M,Weightlifting
Victor LINDGREN,Silver Medal,7/29/2024,SWE,M,Shooting
Brittany BROWN,Bronze Medal,8/6/2024,USA,F,Athletics
BUCSA/SORRIBES TORMO,Bronze Medal,8/4/2024,ESP,F,Tennis
Andreja LESKI,Gold Medal,7/30/2024,SLO,F,Judo
Prisca AWITI ALCARAZ,Silver Medal,7/30/2024,MEX,F,Judo
QI Ying,Silver Medal,7/30/2024,CHN,M,Shooting
Buse CAVUSOGLU TOSUN,Bronze Medal,8/6/2024,TUR,F,Wrestling
Italy,Silver Medal,7/30/2024,ITA,F,Artistic Gymnastics
Caitlin PARKER,Bronze Medal,8/8/2024,AUS,F,Boxing
Kaylee McKEOWN,Gold Medal,7/30/2024,AUS,F,Swimming
Regan SMITH,Silver Medal,7/30/2024,USA,F,Swimming
Carson FOSTER,Bronze Medal,7/28/2024,USA,M,Swimming
OKA Shinnosuke,Gold Medal,7/31/2024,JPN,M,Artistic Gymnastics
ZHANG Boheng,Silver Medal,7/31/2024,CHN,M,Artistic Gymnastics
Caspar CORBEAU,Bronze Medal,7/31/2024,NED,M,Swimming
Jessica FOX,Gold Medal,7/31/2024,AUS,F,Canoe Slalom
Elena LILIK,Silver Medal,7/31/2024,GER,F,Canoe Slalom
CHANG Yani,Bronze Medal,8/9/2024,CHN,F,Diving
Jose TORRES GIL,Gold Medal,7/31/2024,ARG,M,Cycling BMX Freestyle
Kieran Darren David REILLY,Silver Medal,7/31/2024,GBR,M,Cycling BMX Freestyle
Charlie SENIOR,Bronze Medal,8/8/2024,AUS,M,Boxing
DENG Yawen,Gold Medal,7/31/2024,CHN,F,Cycling BMX Freestyle
Perris BENEGAS,Silver Medal,7/31/2024,USA,F,Cycling BMX Freestyle
Cheick Sallah CISSE,Bronze Medal,8/10/2024,CIV,M,Taekwondo
China,Gold Medal,7/31/2024,CHN,F,Diving
DPR Korea,Silver Medal,7/31/2024,PRK,F,Diving
CHEN Nien Chin,Bronze Medal,8/6/2024,TPE,F,Boxing
United States,Silver Medal,7/30/2024,USA,M,Swimming
Chermen VALIEV,Bronze Medal,8/10/2024,ALB,M,Wrestling
CHIA/SOH,Bronze Medal,8/4/2024,MAS,M,Badminton
Barbara MATIC,Gold Medal,7/31/2024,CRO,F,Judo
Miriam BUTKEREIT,Silver Medal,7/31/2024,GER,F,Judo
PAN Zhanle,Gold Medal,7/31/2024,CHN,M,Swimming
Kyle CHALMERS,Silver Medal,7/31/2024,AUS,M,Swimming
Leon MARCHAND,Gold Medal,7/31/2024,FRA,M,Swimming
Zac STUBBLETY-COOK,Silver Medal,7/31/2024,AUS,M,Swimming
Chloe DYGERT,Bronze Medal,7/27/2024,USA,F,Cycling Road
Kristof MILAK,Silver Medal,7/31/2024,HUN,M,Swimming
CHOE Hyo Gyong,Bronze Medal,8/8/2024,PRK,F,Wrestling
Sarah SJOESTROEM,Gold Medal,7/31/2024,SWE,F,Swimming
Torri HUSKE,Silver Medal,7/31/2024,USA,F,Swimming
Christophe LAPORTE,Bronze Medal,8/3/2024,FRA,M,Cycling Road
Katie LEDECKY,Gold Medal,7/31/2024,USA,F,Swimming
Anastasiia KIRPICHNIKOVA,Silver Medal,7/31/2024,FRA,F,Swimming
Cindy Winner DJANKEU NGAMBA,Bronze Medal,8/8/2024,EOR,F,Boxing
Alex YEE,Gold Medal,7/31/2024,GBR,M,Triathlon
Hayden WILDE,Silver Medal,7/31/2024,NZL,M,Triathlon
Cristian Javier PINALES,Bronze Medal,8/4/2024,DOM,M,Boxing
Cassandre BEAUGRAND,Gold Medal,7/31/2024,FRA,F,Triathlon
Julie DERRON,Silver Medal,7/31/2024,SUI,F,Triathlon
Cyrian RAVET,Bronze Medal,8/7/2024,FRA,M,Taekwondo
Czechia,Bronze Medal,8/2/2024,CZE,M,Fencing
Daniel WIFFEN,Bronze Medal,8/4/2024,IRL,M,Swimming
Dauren KURUGLIEV,Bronze Medal,8/9/2024,GRE,M,Wrestling
Great Britain,Gold Medal,7/31/2024,GBR,F,Rowing
Adriana RUANO OLIVA,Gold Medal,7/31/2024,GUA,F,Shooting
Silvana Maria STANCO,Silver Medal,7/31/2024,ITA,F,Shooting
Simone BILES,Gold Medal,8/1/2024,USA,F,Artistic Gymnastics
Rebeca ANDRADE,Silver Medal,8/1/2024,BRA,F,Artistic Gymnastics
David BETLEHEM,Bronze Medal,8/9/2024,HUN,M,Marathon Swimming
Brian Daniel PINTADO,Gold Medal,8/1/2024,ECU,M,Athletics
Caio BONFIM,Silver Medal,8/1/2024,BRA,M,Athletics
David de PINA,Bronze Medal,8/4/2024,CPV,M,Boxing
YANG Jiayu,Gold Medal,8/1/2024,CHN,F,Athletics
Maria PEREZ,Silver Medal,8/1/2024,ESP,F,Athletics
David POPOVICI,Bronze Medal,7/31/2024,ROU,M,Swimming
Giovanni de GENNARO,Gold Medal,8/1/2024,ITA,M,Canoe Slalom
Titouan CASTRYCK,Silver Medal,8/1/2024,FRA,M,Canoe Slalom
Davlat BOLTAEV,Bronze Medal,8/4/2024,TJK,M,Boxing
United States,Gold Medal,8/1/2024,USA,F,Fencing
Italy,Silver Medal,8/1/2024,ITA,F,Fencing
Denis VIERU,Bronze Medal,7/28/2024,MDA,M,Judo
Zelym KOTSOIEV,Gold Medal,8/1/2024,AZE,M,Judo
Ilia SULAMANIDZE,Silver Medal,8/1/2024,GEO,M,Judo
Alice BELLANDI,Gold Medal,8/1/2024,ITA,F,Judo
Inbar LANIR,Silver Medal,8/1/2024,ISR,F,Judo
Djamel SEDJATI,Bronze Medal,8/10/2024,ALG,M,Athletics
Djamili-Dini ABOUDOU MOINDZE,Bronze Medal,8/7/2024,FRA,M,Boxing
Romania,Gold Medal,8/1/2024,ROU,M,Rowing
Netherlands,Silver Medal,8/1/2024,NED,M,Rowing
Edi HRNIC,Bronze Medal,8/9/2024,DEN,M,Taekwondo
United States,Gold Medal,8/1/2024,USA,M,Rowing
New Zealand,Silver Medal,8/1/2024,NZL,M,Rowing
Edival PONTES,Bronze Medal,8/8/2024,BRA,M,Taekwondo
New Zealand,Gold Medal,8/1/2024,NZL,F,Rowing
Romania,Silver Medal,8/1/2024,ROU,F,Rowing
Eleanor HARVEY,Bronze Medal,7/28/2024,CAN,F,Fencing
Netherlands,Gold Medal,8/1/2024,NED,F,Rowing
Great Britain,Silver Medal,8/1/2024,GBR,F,Rowing
Eleanor PATTERSON,Bronze Medal,8/4/2024,AUS,F,Athletics
LIU Yukun,Gold Medal,8/1/2024,CHN,M,Shooting
Serhiy KULISH,Silver Medal,8/1/2024,UKR,M,Shooting
Eleftherios PETROUNIAS,Bronze Medal,8/4/2024,GRE,M,Artistic Gymnastics
Hubert KOS,Gold Medal,8/1/2024,HUN,M,Swimming
Apostolos CHRISTOU,Silver Medal,8/1/2024,GRE,M,Swimming
Emily CAMPBELL,Bronze Medal,8/11/2024,GBR,F,Weightlifting
Kate DOUGLASS,Gold Medal,8/1/2024,USA,F,Swimming
Tatjana SMITH,Silver Medal,8/1/2024,RSA,F,Swimming
Emma Aastrand JORGENSEN,Bronze Medal,8/10/2024,DEN,F,Canoe Sprint
Summer McINTOSH,Gold Medal,8/1/2024,CAN,F,Swimming
Regan SMITH,Silver Medal,8/1/2024,USA,F,Swimming
Emma FINUCANE,Bronze Medal,8/8/2024,GBR,F,Cycling Track
Australia,Gold Medal,8/1/2024,AUS,F,Swimming
United States,Silver Medal,8/1/2024,USA,F,Swimming
Emma FINUCANE,Bronze Medal,8/11/2024,GBR,F,Cycling Track
Joshua CHEPTEGEI,Gold Medal,8/2/2024,UGA,M,Athletics
Berihu AREGAWI,Silver Medal,8/2/2024,ETH,M,Athletics
Emma WEYANT,Bronze Medal,7/29/2024,USA,F,Swimming
Joris DAUDET,Gold Medal,8/2/2024,FRA,M,Cycling BMX Racing
Sylvain ANDRE,Silver Medal,8/2/2024,FRA,M,Cycling BMX Racing
Emma WILSON,Bronze Medal,8/3/2024,GBR,F,Sailing
Saya SAKAKIBARA,Gold Medal,8/2/2024,AUS,F,Cycling BMX Racing
Manon VEENSTRA,Silver Medal,8/2/2024,NED,F,Cycling BMX Racing
Emmanouil KARALIS,Bronze Medal,8/5/2024,GRE,M,Athletics
China,Gold Medal,8/2/2024,CHN,M,Diving
Mexico,Silver Medal,8/2/2024,MEX,M,Diving
Enmanuel REYES PLA,Bronze Medal,8/4/2024,ESP,M,Boxing
Hungary,Gold Medal,8/2/2024,HUN,M,Fencing
Japan,Silver Medal,8/2/2024,JPN,M,Fencing
Esra YILDIZ KAHRAMAN,Bronze Medal,8/7/2024,TUR,F,Boxing
Teddy RINER,Gold Medal,8/2/2024,FRA,M,Judo
KIM Minjong,Silver Medal,8/2/2024,KOR,M,Judo
Eszter MUHARI,Bronze Medal,7/27/2024,HUN,F,Fencing
Evy LEIBFARTH,Bronze Medal,7/31/2024,USA,F,Canoe Slalom
Beatriz SOUZA,Gold Medal,8/2/2024,BRA,F,Judo
Raz HERSHKO,Silver Medal,8/2/2024,ISR,F,Judo
Fabio van den BOSSCHE,Bronze Medal,8/8/2024,BEL,M,Cycling Track
Faith CHEROTICH,Bronze Medal,8/6/2024,KEN,F,Athletics
Ireland,Gold Medal,8/2/2024,IRL,M,Rowing
Italy,Silver Medal,8/2/2024,ITA,M,Rowing
Felix LEBRUN,Bronze Medal,8/4/2024,FRA,M,Table Tennis
Great Britain,Gold Medal,8/2/2024,GBR,F,Rowing
Romania,Silver Medal,8/2/2024,ROU,F,Rowing
Femke BOL,Bronze Medal,8/8/2024,NED,F,Athletics
Croatia,Gold Medal,8/2/2024,CRO,M,Rowing
Great Britain,Silver Medal,8/2/2024,GBR,M,Rowing
FENG Ziqi,Bronze Medal,8/7/2024,CHN,F,Wrestling
Netherlands,Gold Medal,8/2/2024,NED,F,Rowing
Florent MANAUDOU,Bronze Medal,8/2/2024,FRA,M,Swimming
BOTIN/TRITTEL,Gold Medal,8/2/2024,ESP,M,Sailing
McHARDIE/McKENZIE,Silver Medal,8/2/2024,NZL,M,Sailing
AANHOLT/DUETZ,Gold Medal,8/2/2024,NED,F,Sailing
BOBECK/NETZLER,Silver Medal,8/2/2024,SWE,F,Sailing
Chiara LEONE,Gold Medal,8/2/2024,SUI,F,Shooting
Sagen MADDALENA,Silver Medal,8/2/2024,USA,F,Shooting
Leon MARCHAND,Gold Medal,8/2/2024,FRA,M,Swimming
Duncan SCOTT,Silver Medal,8/2/2024,GBR,M,Swimming
Francisco GARRIGOS,Bronze Medal,7/27/2024,ESP,M,Judo
Cameron McEVOY,Gold Medal,8/2/2024,AUS,M,Swimming
Benjamin PROUD,Silver Medal,8/2/2024,GBR,M,Swimming
Fred KERLEY,Bronze Medal,8/4/2024,USA,M,Athletics
Kaylee McKEOWN,Gold Medal,8/2/2024,AUS,F,Swimming
Regan SMITH,Silver Medal,8/2/2024,USA,F,Swimming
FRITZ/PAUL,Bronze Medal,8/3/2024,USA,M,Tennis
FUNAKUBO Haruka,Bronze Medal,7/29/2024,JPN,F,Judo
Ivan LITVINOVICH,Gold Medal,8/2/2024,AIN,M,Trampoline Gymnastics
WANG Zisai,Silver Medal,8/2/2024,CHN,M,Trampoline Gymnastics
Gabriel Alejandro ROSILLO KINDELAN,Bronze Medal,8/7/2024,CUB,M,Wrestling
Bryony PAGE,Gold Medal,8/2/2024,GBR,F,Trampoline Gymnastics
Viyaleta BARDZILOUSKAYA,Silver Medal,8/2/2024,AIN,F,Trampoline Gymnastics
Gabriel MEDINA,Bronze Medal,8/5/2024,BRA,M,Surfing
LIM Sihyeon,Gold Medal,8/3/2024,KOR,F,Archery
NAM Suhyeon,Silver Medal,8/3/2024,KOR,F,Archery
Gabriella WILLEMS,Bronze Medal,7/31/2024,BEL,F,Judo
Carlos Edriel YULO,Gold Medal,8/3/2024,PHI,M,Artistic Gymnastics
Artem DOLGOPYAT,Silver Medal,8/3/2024,ISR,M,Artistic Gymnastics
Georgia BELL,Bronze Medal,8/10/2024,GBR,F,Athletics
Rhys MC CLENAGHAN,Gold Medal,8/3/2024,IRL,M,Artistic Gymnastics
Nariman KURBANOV,Silver Medal,8/3/2024,KAZ,M,Artistic Gymnastics
Simone BILES,Gold Medal,8/3/2024,USA,F,Artistic Gymnastics
Rebeca ANDRADE,Silver Medal,8/3/2024,BRA,F,Artistic Gymnastics
Markus ROOTH,Gold Medal,8/3/2024,NOR,M,Athletics
Leo NEUGEBAUER,Silver Medal,8/3/2024,GER,M,Athletics
Ryan CROUSER,Gold Medal,8/3/2024,USA,M,Athletics
Joe KOVACS,Silver Medal,8/3/2024,USA,M,Athletics
Ginevra TADDEUCCI,Bronze Medal,8/8/2024,ITA,F,Marathon Swimming
Julien ALFRED,Gold Medal,8/3/2024,LCA,F,Athletics
Sha'carri RICHARDSON,Silver Medal,8/3/2024,USA,F,Athletics
Giorgi MESHVILDISHVILI,Bronze Medal,8/10/2024,AZE,M,Wrestling
Thea LAFOND,Gold Medal,8/3/2024,DMA,F,Athletics
Shanieka RICKETTS,Silver Medal,8/3/2024,JAM,F,Athletics
Giorgio MALAN,Bronze Medal,8/10/2024,ITA,M,Modern Pentathlon
CHEN/JIA,Gold Medal,8/3/2024,CHN,F,Badminton
LIU/TAN,Silver Medal,8/3/2024,CHN,F,Badminton
Gor MINASYAN,Bronze Medal,8/10/2024,BRN,M,Weightlifting
Grace Jacob BULLEN,Bronze Medal,8/10/2024,NOR,F,Wrestling
Grant FISHER,Bronze Medal,8/2/2024,USA,M,Athletics
Remco EVENEPOEL,Gold Medal,8/3/2024,BEL,M,Cycling Road
Valentin MADOUAS,Silver Medal,8/3/2024,FRA,M,Cycling Road
Grant FISHER,Bronze Medal,8/10/2024,USA,M,Athletics
Ukraine,Gold Medal,8/3/2024,UKR,F,Fencing
Korea,Silver Medal,8/3/2024,KOR,F,Fencing
Great Britain,Gold Medal,8/3/2024,GBR,M,Rowing
Netherlands,Silver Medal,8/3/2024,NED,M,Rowing
Oliver ZEIDLER,Gold Medal,8/3/2024,GER,M,Rowing
Yauheni ZALATY,Silver Medal,8/3/2024,AIN,M,Rowing
Romania,Gold Medal,8/3/2024,ROU,F,Rowing
Canada,Silver Medal,8/3/2024,CAN,F,Rowing
Karolien FLORIJN,Gold Medal,8/3/2024,NED,F,Rowing
Emma TWIGG,Silver Medal,8/3/2024,NZL,F,Rowing
Tom REUVENY,Gold Medal,8/3/2024,ISR,M,Sailing
Grae MORRIS,Silver Medal,8/3/2024,AUS,M,Sailing
Marta MAGGETTI,Gold Medal,8/3/2024,ITA,F,Sailing
Sharon KANTOR,Silver Medal,8/3/2024,ISR,F,Sailing
YANG Jiin,Gold Medal,8/3/2024,KOR,F,Shooting
Camille JEDRZEJEWSKI,Silver Medal,8/3/2024,FRA,F,Shooting
Vincent HANCOCK,Gold Medal,8/3/2024,USA,M,Shooting
Conner Lynn PRINCE,Silver Medal,8/3/2024,USA,M,Shooting
Kristof MILAK,Gold Medal,8/3/2024,HUN,M,Swimming
Josh LIENDO,Silver Medal,8/3/2024,CAN,M,Swimming
Summer McINTOSH,Gold Medal,8/3/2024,CAN,F,Swimming
Kate DOUGLASS,Silver Medal,8/3/2024,USA,F,Swimming
Katie LEDECKY,Gold Medal,8/3/2024,USA,F,Swimming
Ariarne TITMUS,Silver Medal,8/3/2024,AUS,F,Swimming
CHEN Meng,Gold Medal,8/3/2024,CHN,F,Table Tennis
SUN Yingsha,Silver Medal,8/3/2024,CHN,F,Table Tennis
Gregorio PALTRINIERI,Bronze Medal,7/30/2024,ITA,M,Swimming
EBDEN/PEERS,Gold Medal,8/3/2024,AUS,M,Tennis
KRAJICEK/RAM,Silver Medal,8/3/2024,USA,M,Tennis
Gulomjon ABDULLAEV,Bronze Medal,8/9/2024,UZB,M,Wrestling
Gusman KYRGYZBAYEV,Bronze Medal,7/28/2024,KAZ,M,Judo
ZHENG Qinwen,Gold Medal,8/3/2024,CHN,F,Tennis
Donna VEKIC,Silver Medal,8/3/2024,CRO,F,Tennis
KIM Woojin,Gold Medal,8/4/2024,KOR,M,Archery
Brady ELLISON,Silver Medal,8/4/2024,USA,M,Archery
Hampton MORRIS,Bronze Medal,8/7/2024,USA,M,Weightlifting
LIU Yang,Gold Medal,8/4/2024,CHN,M,Artistic Gymnastics
ZOU Jingyuan,Silver Medal,8/4/2024,CHN,M,Artistic Gymnastics
Harry HEPWORTH,Bronze Medal,8/4/2024,GBR,M,Artistic Gymnastics
Carlos Edriel YULO,Gold Medal,8/4/2024,PHI,M,Artistic Gymnastics
Artur DAVTYAN,Silver Medal,8/4/2024,ARM,M,Artistic Gymnastics
HASHIMOTO Soichi,Bronze Medal,7/29/2024,JPN,M,Judo
Kaylia NEMOUR,Gold Medal,8/4/2024,ALG,F,Artistic Gymnastics
QIU Qiyuan,Silver Medal,8/4/2024,CHN,F,Artistic Gymnastics
Hasrat JAFAROV,Bronze Medal,8/8/2024,AZE,M,Wrestling
Noah LYLES,Gold Medal,8/4/2024,USA,M,Athletics
Kishane THOMPSON,Silver Medal,8/4/2024,JAM,M,Athletics
HAUGHEY Siobhan Bernadette,Bronze Medal,7/29/2024,HKG,F,Swimming
Ethan KATZBERG,Gold Medal,8/4/2024,CAN,M,Athletics
Bence HALASZ,Silver Medal,8/4/2024,HUN,M,Athletics
HAUGHEY Siobhan Bernadette,Bronze Medal,7/31/2024,HKG,F,Swimming
Yaroslava MAHUCHIKH,Gold Medal,8/4/2024,UKR,F,Athletics
Nicola OLYSLAGERS,Silver Medal,8/4/2024,AUS,F,Athletics
Helen Louise MAROULIS,Bronze Medal,8/9/2024,USA,F,Wrestling
Hellen OBIRI,Bronze Medal,8/11/2024,KEN,F,Athletics
LEE/WANG,Gold Medal,8/4/2024,TPE,M,Badminton
LIANG/WANG,Silver Medal,8/4/2024,CHN,M,Badminton
Hina HAYATA,Bronze Medal,8/3/2024,JPN,F,Table Tennis
HONG Kexin,Bronze Medal,8/9/2024,CHN,F,Wrestling
HUBERLI/BRUNNER,Bronze Medal,8/9/2024,SUI,F,Beach Volleyball
Hungary,Bronze Medal,8/8/2024,HUN,F,Canoe Sprint
Iga SWIATEK,Bronze Medal,8/2/2024,POL,F,Tennis
Ilya KHARUN,Bronze Medal,7/31/2024,CAN,M,Swimming
Ilya KHARUN,Bronze Medal,8/3/2024,CAN,M,Swimming
IM Aeji,Bronze Medal,8/4/2024,KOR,F,Boxing
Iryna GERASHCHENKO,Bronze Medal,8/4/2024,UKR,F,Athletics
Kristen FAULKNER,Gold Medal,8/4/2024,USA,F,Cycling Road
Marianne VOS,Silver Medal,8/4/2024,NED,F,Cycling Road
Isabel GOSE,Bronze Medal,7/31/2024,GER,F,Swimming
Japan,Gold Medal,8/4/2024,JPN,M,Fencing
Italy,Silver Medal,8/4/2024,ITA,M,Fencing
Islam DUDAEV,Bronze Medal,8/11/2024,ALB,M,Wrestling
Scottie SCHEFFLER,Gold Medal,8/4/2024,USA,M,Golf
Tommy FLEETWOOD,Silver Medal,8/4/2024,GBR,M,Golf
Francisca CROVETTO CHADID,Gold Medal,8/4/2024,CHI,F,Shooting
Amber Jo RUTTER,Silver Medal,8/4/2024,GBR,F,Shooting
Jack CARLIN,Bronze Medal,8/9/2024,GBR,M,Cycling Track
Bobby FINKE,Gold Medal,8/4/2024,USA,M,Swimming
Gregorio PALTRINIERI,Silver Medal,8/4/2024,ITA,M,Swimming
Jade CAREY,Bronze Medal,8/3/2024,USA,F,Artistic Gymnastics
China,Gold Medal,8/4/2024,CHN,M,Swimming
United States,Silver Medal,8/4/2024,USA,M,Swimming
Jake JARMAN,Bronze Medal,8/3/2024,GBR,M,Artistic Gymnastics
United States,Gold Medal,8/4/2024,USA,F,Swimming
Australia,Silver Medal,8/4/2024,AUS,F,Swimming
Jakob SCHUBERT,Bronze Medal,8/9/2024,AUT,M,Sport Climbing
Sarah SJOESTROEM,Gold Medal,8/4/2024,SWE,F,Swimming
Meg HARRIS,Silver Medal,8/4/2024,AUS,F,Swimming
Janjaem SUWANNAPHENG,Bronze Medal,8/6/2024,THA,F,Boxing
FAN Zhendong,Gold Medal,8/4/2024,CHN,M,Table Tennis
Truls MOREGARD,Silver Medal,8/4/2024,SWE,M,Table Tennis
Novak DJOKOVIC,Gold Medal,8/4/2024,SRB,M,Tennis
Carlos ALCARAZ,Silver Medal,8/4/2024,ESP,M,Tennis
ERRANI/PAOLINI,Gold Medal,8/4/2024,ITA,F,Tennis
ANDREEVA/SHNAIDER,Silver Medal,8/4/2024,AIN,F,Tennis
Netherlands,Gold Medal,8/5/2024,NED,M,3x3 Basketball
France,Silver Medal,8/5/2024,FRA,M,3x3 Basketball
Jasmine CAMACHO-QUINN,Bronze Medal,8/10/2024,PUR,F,Athletics
Germany,Gold Medal,8/5/2024,GER,F,3x3 Basketball
Spain,Silver Medal,8/5/2024,ESP,F,3x3 Basketball
Jasmine MOORE,Bronze Medal,8/3/2024,USA,F,Athletics
OKA Shinnosuke,Gold Medal,8/5/2024,JPN,M,Artistic Gymnastics
Angel BARAJAS,Silver Medal,8/5/2024,COL,M,Artistic Gymnastics
Jasmine MOORE,Bronze Medal,8/8/2024,USA,F,Athletics
Javier IBANEZ DIAZ,Bronze Medal,8/8/2024,BUL,M,Boxing
ZOU Jingyuan,Gold Medal,8/5/2024,CHN,M,Artistic Gymnastics
Illia KOVTUN,Silver Medal,8/5/2024,UKR,M,Artistic Gymnastics
Jean Pierre BROL CARDENAS,Bronze Medal,7/30/2024,GUA,M,Shooting
Alice D'AMATO,Gold Medal,8/5/2024,ITA,F,Artistic Gymnastics
ZHOU Yaqin,Silver Medal,8/5/2024,CHN,F,Artistic Gymnastics
Jemima MONTAG,Bronze Medal,8/1/2024,AUS,F,Athletics
Rebeca ANDRADE,Gold Medal,8/5/2024,BRA,F,Artistic Gymnastics
Simone BILES,Silver Medal,8/5/2024,USA,F,Artistic Gymnastics
Jenny RISSVEDS,Bronze Medal,7/28/2024,SWE,F,Cycling Mountain Bike
Armand DUPLANTIS,Gold Medal,8/5/2024,SWE,M,Athletics
Sam KENDRICKS,Silver Medal,8/5/2024,USA,M,Athletics
Jessica PILZ,Bronze Medal,8/10/2024,AUT,F,Sport Climbing
Beatrice CHEBET,Gold Medal,8/5/2024,KEN,F,Athletics
Faith KIPYEGON,Silver Medal,8/5/2024,KEN,F,Athletics
Johanne DEFAY,Bronze Medal,8/5/2024,FRA,F,Surfing
Keely HODGKINSON,Gold Medal,8/5/2024,GBR,F,Athletics
Tsige DUGUMA,Silver Medal,8/5/2024,ETH,F,Athletics
Katharine BERKOFF,Bronze Medal,7/30/2024,USA,F,Swimming
Valarie ALLMAN,Gold Medal,8/5/2024,USA,F,Athletics
FENG Bin,Silver Medal,8/5/2024,CHN,F,Athletics
Katie LEDECKY,Bronze Medal,7/27/2024,USA,F,Swimming
Viktor AXELSEN,Gold Medal,8/5/2024,DEN,M,Badminton
Kunlavut VITIDSARN,Silver Medal,8/5/2024,THA,M,Badminton
Kaylee McKEOWN,Bronze Medal,8/3/2024,AUS,F,Swimming
AN Se Young,Gold Medal,8/5/2024,KOR,F,Badminton
HE Bing Jiao,Silver Medal,8/5/2024,CHN,F,Badminton
Finn BUTCHER,Gold Medal,8/5/2024,NZL,M,Canoe Slalom
Joseph CLARKE,Silver Medal,8/5/2024,GBR,M,Canoe Slalom
KIM Hayun,Bronze Medal,8/2/2024,KOR,F,Judo
Noemie FOX,Gold Medal,8/5/2024,AUS,F,Canoe Slalom
Angele HUG,Silver Medal,8/5/2024,FRA,F,Canoe Slalom
KIM Mi Rae,Bronze Medal,8/6/2024,PRK,F,Diving
Great Britain,Gold Medal,8/5/2024,GBR,F,Cycling Track
New Zealand,Silver Medal,8/5/2024,NZL,F,Cycling Track
KIM Woomin,Bronze Medal,7/27/2024,KOR,M,Swimming
LI Yuehong,Gold Medal,8/5/2024,CHN,M,Shooting
CHO Yeongjae,Silver Medal,8/5/2024,KOR,M,Shooting
Kimberley WOODS,Bronze Medal,7/28/2024,GBR,F,Canoe Slalom
Kauli VAAST,Gold Medal,8/5/2024,FRA,M,Surfing
Jack ROBINSON,Silver Medal,8/5/2024,AUS,M,Surfing
Kimberley WOODS,Bronze Medal,8/5/2024,GBR,F,Canoe Slalom
Caroline MARKS,Gold Medal,8/5/2024,USA,F,Surfing
Tatiana WESTON-WEBB,Silver Medal,8/5/2024,BRA,F,Surfing
Cole HOCKER,Gold Medal,8/6/2024,USA,M,Athletics
Josh KERR,Silver Medal,8/6/2024,GBR,M,Athletics
Kristina TEACHOUT,Bronze Medal,8/9/2024,USA,F,Taekwondo
Miltiadis TENTOGLOU,Gold Medal,8/6/2024,GRE,M,Athletics
Wayne PINNOCK,Silver Medal,8/6/2024,JAM,M,Athletics
KUO Hsing-Chun,Bronze Medal,8/8/2024,TPE,F,Weightlifting
Gabrielle THOMAS,Gold Medal,8/6/2024,USA,F,Athletics
Julien ALFRED,Silver Medal,8/6/2024,LCA,F,Athletics
Kyle Douglas DAKE,Bronze Medal,8/10/2024,USA,M,Wrestling
Winfred YAVI,Gold Medal,8/6/2024,BRN,F,Athletics
Peruth CHEMUTAI,Silver Medal,8/6/2024,UGA,F,Athletics
Kylie MASSE,Bronze Medal,8/2/2024,CAN,F,Swimming
Camryn ROGERS,Gold Medal,8/6/2024,CAN,F,Athletics
Annette Nneka ECHIKUNWOKE,Silver Medal,8/6/2024,USA,F,Athletics
Larissa PIMENTA,Bronze Medal,7/28/2024,BRA,F,Judo
Lasha GURULI,Bronze Medal,8/4/2024,GEO,M,Boxing
LEE Dabin,Bronze Medal,8/10/2024,KOR,F,Taekwondo
LEE Joonhwan,Bronze Medal,7/30/2024,KOR,M,Judo
LEE Meng Yuan,Bronze Medal,8/3/2024,TPE,M,Shooting
Kellie HARRINGTON,Gold Medal,8/6/2024,IRL,F,Boxing
YANG Wenlu,Silver Medal,8/6/2024,CHN,F,Boxing
LEE Wooseok,Bronze Medal,8/4/2024,KOR,M,Archery
Lena STOJKOVIC,Bronze Medal,8/7/2024,CRO,F,Taekwondo
Netherlands,Gold Medal,8/6/2024,NED,M,Cycling Track
Great Britain,Silver Medal,8/6/2024,GBR,M,Cycling Track
Leo BERGERE,Bronze Medal,7/31/2024,FRA,M,Triathlon
QUAN Hongchan,Gold Medal,8/6/2024,CHN,F,Diving
CHEN Yuxi,Silver Medal,8/6/2024,CHN,F,Diving
Lewis RICHARDSON,Bronze Medal,8/6/2024,GBR,M,Boxing
Arisa TREW,Gold Medal,8/6/2024,AUS,F,Skateboarding
HIRAKI Cocona,Silver Medal,8/6/2024,JPN,F,Skateboarding
LIANG Yushuai,Bronze Medal,8/8/2024,CHN,M,Taekwondo
Mijain LOPEZ NUNEZ,Gold Medal,8/6/2024,CUB,M,Wrestling
Yasmani ACOSTA FERNANDEZ,Silver Medal,8/6/2024,CHI,M,Wrestling
LIN Xiyu Janet,Bronze Medal,8/10/2024,CHN,F,Golf
Lindon VICTOR,Bronze Medal,8/3/2024,GRN,M,Athletics
FUMITA Kenichiro,Gold Medal,8/6/2024,JPN,M,Wrestling
CAO Liguo,Silver Medal,8/6/2024,CHN,M,Wrestling
Line Flem HOEST,Bronze Medal,8/7/2024,NOR,F,Sailing
Lisa BARBELIN,Bronze Medal,8/3/2024,FRA,F,Archery
Amit ELOR,Gold Medal,8/6/2024,USA,F,Wrestling
Meerim ZHUMANAZAROVA,Silver Medal,8/6/2024,KGZ,F,Wrestling
Lithuania,Bronze Medal,8/5/2024,LTU,M,3x3 Basketball
Lorenzo MUSETTI,Bronze Medal,8/3/2024,ITA,M,Tennis
Soufiane EL BAKKALI,Gold Medal,8/7/2024,MAR,M,Athletics
Kenneth ROOKS,Silver Medal,8/7/2024,USA,M,Athletics
Lotte KOPECKY,Bronze Medal,8/4/2024,BEL,F,Cycling Road
Quincy HALL,Gold Medal,8/7/2024,USA,M,Athletics
Matthew HUDSON-SMITH,Silver Medal,8/7/2024,GBR,M,Athletics
Luigi SAMELE,Bronze Medal,7/27/2024,ITA,M,Fencing
Roje STONA,Gold Medal,8/7/2024,JAM,M,Athletics
Mykolas ALEKNA,Silver Medal,8/7/2024,LTU,M,Athletics
Luis Alberto ORTA SANCHEZ,Bronze Medal,8/8/2024,CUB,M,Wrestling
Nina KENNEDY,Gold Medal,8/7/2024,AUS,F,Athletics
Katie MOON,Silver Medal,8/7/2024,USA,F,Athletics
Luke HOBSON,Bronze Medal,7/29/2024,USA,M,Swimming
Luuc van OPZEELAND,Bronze Medal,8/3/2024,NED,M,Sailing
MA Zhenzhao,Bronze Medal,8/1/2024,CHN,F,Judo
Erislandy ALVAREZ BORGES,Gold Medal,8/7/2024,CUB,M,Boxing
Sofiane OUMIHA,Silver Medal,8/7/2024,FRA,M,Boxing
Oleksandr KHYZHNIAK,Gold Medal,8/7/2024,UKR,M,Boxing
Nurbek ORALBAY,Silver Medal,8/7/2024,KAZ,M,Boxing
MACKENZIE/VINCENT,Bronze Medal,8/9/2024,CAN,F,Canoe Sprint
Magomedkhan MAGOMEDOV,Bronze Medal,8/11/2024,AZE,M,Wrestling
Australia,Gold Medal,8/7/2024,AUS,M,Cycling Track
Great Britain,Silver Medal,8/7/2024,GBR,M,Cycling Track
Malkhas AMOYAN,Bronze Medal,8/7/2024,ARM,M,Wrestling
United States,Gold Medal,8/7/2024,USA,F,Cycling Track
New Zealand,Silver Medal,8/7/2024,NZL,F,Cycling Track
Manila ESPOSITO,Bronze Medal,8/5/2024,ITA,F,Artistic Gymnastics
Matt WEARN,Gold Medal,8/7/2024,AUS,M,Sailing
Pavlos KONTIDES,Silver Medal,8/7/2024,CYP,M,Sailing
Manu BHAKER,Bronze Medal,7/28/2024,IND,F,Shooting
Marit BOUWMEESTER,Gold Medal,8/7/2024,NED,F,Sailing
Anne-Marie RINDOM,Silver Medal,8/7/2024,DEN,F,Sailing
Mary MORAA,Bronze Medal,8/5/2024,KEN,F,Athletics
Keegan PALMER,Gold Medal,8/7/2024,AUS,M,Skateboarding
Tom SCHAAR,Silver Medal,8/7/2024,USA,M,Skateboarding
Matej BENUS,Bronze Medal,7/29/2024,SVK,M,Canoe Slalom
Aleksandra MIROSLAW,Gold Medal,8/7/2024,POL,F,Sport Climbing
DENG Lijuan,Silver Medal,8/7/2024,CHN,F,Sport Climbing
MATSUYAMA Hideki,Bronze Medal,8/4/2024,JPN,M,Golf
PARK Taejoon,Gold Medal,8/7/2024,KOR,M,Taekwondo
Gashim MAGOMEDOV,Silver Medal,8/7/2024,AZE,M,Taekwondo
MATSUYAMA/SHIDA,Bronze Medal,8/3/2024,JPN,F,Badminton
Matthew DENNY,Bronze Medal,8/7/2024,AUS,M,Athletics
Panipak WONGPATTANAKIT,Gold Medal,8/7/2024,THA,F,Taekwondo
GUO Qing,Silver Medal,8/7/2024,CHN,F,Taekwondo
Matthew GLAETZER,Bronze Medal,8/11/2024,AUS,M,Cycling Track
Mattia FURLANI,Bronze Medal,8/6/2024,ITA,M,Athletics
LI Fabin,Gold Medal,8/7/2024,CHN,M,Weightlifting
Theerapong SILACHAI,Silver Medal,8/7/2024,THA,M,Weightlifting
Maxime-Gael NGAYAP HAMBOU,Bronze Medal,7/31/2024,FRA,M,Judo
HOU Zhihui,Gold Medal,8/7/2024,CHN,F,Weightlifting
Mihaela Valentina CAMBEI,Silver Medal,8/7/2024,ROU,F,Weightlifting
Maximilian MAEDER,Bronze Medal,8/9/2024,SGP,M,Sailing
KUSAKA Nao,Gold Medal,8/7/2024,JPN,M,Wrestling
Demeu ZHADRAYEV,Silver Medal,8/7/2024,KAZ,M,Wrestling
Melissa JEFFERSON,Bronze Medal,8/3/2024,USA,F,Athletics
MENG Lingzhe,Bronze Medal,8/6/2024,CHN,M,Wrestling
Mohammadhadi SARAVI,Gold Medal,8/7/2024,IRI,M,Wrestling
Artur ALEKSANYAN,Silver Medal,8/7/2024,ARM,M,Wrestling
Michaela POLLERES,Bronze Medal,7/31/2024,AUT,F,Judo
Milaimy de la Carid. MARIN POTRILLE,Bronze Medal,8/11/2024,CUB,F,Wrestling
Sarah Ann HILDEBRANDT,Gold Medal,8/7/2024,USA,F,Wrestling
Yusneylis GUZMAN LOPEZ,Silver Medal,8/7/2024,CUB,F,Wrestling
Miran MARICIC,Bronze Medal,7/29/2024,CRO,M,Shooting
Mobina NEMATZADEH,Bronze Medal,8/7/2024,IRI,F,Taekwondo
Grant HOLLOWAY,Gold Medal,8/8/2024,USA,M,Athletics
Daniel ROBERTS,Silver Medal,8/8/2024,USA,M,Athletics
Mohamed ELSAYED,Bronze Medal,7/28/2024,EGY,M,Fencing
Letsile TEBOGO,Gold Medal,8/8/2024,BOT,M,Athletics
Kenneth BEDNAREK,Silver Medal,8/8/2024,USA,M,Athletics
Mohamed Khalil JENDOUBI,Bronze Medal,8/7/2024,TUN,M,Taekwondo
Arshad NADEEM,Gold Medal,8/8/2024,PAK,M,Athletics
Neeraj CHOPRA,Silver Medal,8/8/2024,IND,M,Athletics
MOL/SORUM,Bronze Medal,8/10/2024,NOR,M,Beach Volleyball
Sydney McLAUGHLIN-LEVRONE,Gold Medal,8/8/2024,USA,F,Athletics
Anna COCKRELL,Silver Medal,8/8/2024,USA,F,Athletics
Mona Mc SHARRY,Bronze Medal,7/29/2024,IRL,F,Swimming
Tara DAVIS-WOODHALL,Gold Medal,8/8/2024,USA,F,Athletics
Malaika MIHAMBO,Silver Medal,8/8/2024,GER,F,Athletics
MORENO/DOMINGUEZ,Bronze Medal,8/8/2024,ESP,M,Canoe Sprint
Hasanboy DUSMATOV,Gold Medal,8/8/2024,UZB,M,Boxing
Billal BENNAMA,Silver Medal,8/8/2024,FRA,M,Boxing
Mutaz Essa BARSHIM,Bronze Medal,8/10/2024,QAT,M,Athletics
CHANG Yuan,Gold Medal,8/8/2024,CHN,F,Boxing
Hatice AKBAS,Silver Medal,8/8/2024,TUR,F,Boxing
Muzaffarbek TUROBOYEV,Bronze Medal,8/1/2024,UZB,M,Judo
Muzala SAMUKONGA,Bronze Medal,8/7/2024,ZAM,M,Athletics
LIU/JI,Gold Medal,8/8/2024,CHN,M,Canoe Sprint
CASADEI/TACCHINI,Silver Medal,8/8/2024,ITA,M,Canoe Sprint
Mykhaylo KOKHAN,Bronze Medal,8/4/2024,UKR,M,Athletics
Germany,Gold Medal,8/8/2024,GER,M,Canoe Sprint
Australia,Silver Medal,8/8/2024,AUS,M,Canoe Sprint
Nafia KUS AYDIN,Bronze Medal,8/10/2024,TUR,F,Taekwondo
New Zealand,Gold Medal,8/8/2024,NZL,F,Canoe Sprint
Germany,Silver Medal,8/8/2024,GER,F,Canoe Sprint
NAGAYAMA Ryuju,Bronze Medal,7/27/2024,JPN,M,Judo
Benjamin THOMAS,Gold Medal,8/8/2024,FRA,M,Cycling Track
Iuri LEITAO,Silver Medal,8/8/2024,POR,M,Cycling Track
Natalia KACZMAREK,Bronze Medal,8/9/2024,POL,F,Athletics
Ellesse ANDREWS,Gold Medal,8/8/2024,NZL,F,Cycling Track
Hetty van de WOUW,Silver Medal,8/8/2024,NED,F,Cycling Track
Natalya DIEHM,Bronze Medal,7/31/2024,AUS,F,Cycling BMX Freestyle
XIE Siyi,Gold Medal,8/8/2024,CHN,M,Diving
WANG Zongyuan,Silver Medal,8/8/2024,CHN,M,Diving
Nazym KYZAIBAY,Bronze Medal,8/6/2024,KAZ,F,Boxing
Neisi Patricia DAJOMES BARRERA,Bronze Medal,8/10/2024,ECU,F,Weightlifting
Netherlands,Gold Medal,8/8/2024,NED,M,Hockey
Germany,Silver Medal,8/8/2024,GER,M,Hockey
Nelvie Raman TIAFACK,Bronze Medal,8/7/2024,GER,M,Boxing
Sharon van ROUWENDAAL,Gold Medal,8/8/2024,NED,F,Marathon Swimming
Moesha JOHNSON,Silver Medal,8/8/2024,AUS,F,Marathon Swimming
Nesthy PETECIO,Bronze Medal,8/7/2024,PHI,F,Boxing
Eleanor ALDRIDGE,Gold Medal,8/8/2024,GBR,F,Sailing
Lauriane NOLOT,Silver Medal,8/8/2024,FRA,F,Sailing
Veddriq LEONARDO,Gold Medal,8/8/2024,INA,M,Sport Climbing
WU Peng,Silver Medal,8/8/2024,CHN,M,Sport Climbing
Ulugbek RASHITOV,Gold Medal,8/8/2024,UZB,M,Taekwondo
Zaid KAREEM,Silver Medal,8/8/2024,JOR,M,Taekwondo
KIM Yujin,Gold Medal,8/8/2024,KOR,F,Taekwondo
Nahid KIYANICHANDEH,Silver Medal,8/8/2024,IRI,F,Taekwondo
Nick ITKIN,Bronze Medal,7/29/2024,USA,M,Fencing
Nikola OGRODNIKOVA,Bronze Medal,8/10/2024,CZE,F,Athletics
Rizki JUNIANSYAH,Gold Medal,8/8/2024,INA,M,Weightlifting
Weeraphon WICHUMA,Silver Medal,8/8/2024,THA,M,Weightlifting
Noah HEGGE,Bronze Medal,8/5/2024,GER,M,Canoe Slalom
LUO Shifang,Gold Medal,8/8/2024,CHN,F,Weightlifting
Maude CHARRON,Silver Medal,8/8/2024,CAN,F,Weightlifting
Noah LYLES,Bronze Medal,8/8/2024,USA,M,Athletics
Saeid ESMAEILI LEIVESI,Gold Medal,8/8/2024,IRI,M,Wrestling
Parviz NASIBOV,Silver Medal,8/8/2024,UKR,M,Wrestling
Noah WILLIAMS,Bronze Medal,8/10/2024,GBR,M,Diving
Nyjah HUSTON,Bronze Medal,7/29/2024,USA,M,Skateboarding
Semen Sergeevich NOVIKOV,Gold Medal,8/8/2024,BUL,M,Wrestling
Alireza MOHMADIPIANI,Silver Medal,8/8/2024,IRI,M,Wrestling
OKA Shinnosuke,Bronze Medal,8/5/2024,JPN,M,Artistic Gymnastics
Olga KHARLAN,Bronze Medal,7/29/2024,UKR,F,Fencing
FUJINAMI Akari,Gold Medal,8/8/2024,JPN,F,Wrestling
Lucia Yamileth YEPEZ GUZMAN,Silver Medal,8/8/2024,ECU,F,Wrestling
Omari JONES,Bronze Medal,8/6/2024,USA,M,Boxing
Osmar OLVERA IBARRA,Bronze Medal,8/8/2024,MEX,M,Diving
Canada,Gold Medal,8/9/2024,CAN,M,Athletics
South Africa,Silver Medal,8/9/2024,RSA,M,Athletics
OZAKI Nonoka,Bronze Medal,8/6/2024,JPN,F,Wrestling
Rai BENJAMIN,Gold Medal,8/9/2024,USA,M,Athletics
Karsten WARHOLM,Silver Medal,8/9/2024,NOR,M,Athletics
Paige MADDEN,Bronze Medal,8/3/2024,USA,F,Swimming
Jordan Alejandro DIAZ FORTUN,Gold Medal,8/9/2024,ESP,M,Athletics
Pedro PICHARDO,Silver Medal,8/9/2024,POR,M,Athletics
PANG Cholmi,Bronze Medal,8/4/2024,PRK,F,Boxing
Beatrice CHEBET,Gold Medal,8/9/2024,KEN,F,Athletics
Nadia BATTOCLETTI,Silver Medal,8/9/2024,ITA,F,Athletics
PANG Qianyu,Bronze Medal,8/8/2024,CHN,F,Wrestling
United States,Gold Medal,8/9/2024,USA,F,Athletics
Great Britain,Silver Medal,8/9/2024,GBR,F,Athletics
Paolo MONNA,Bronze Medal,7/28/2024,ITA,M,Shooting
Marileidy PAULINO,Gold Medal,8/9/2024,DOM,F,Athletics
Salwa Eid NASER,Silver Medal,8/9/2024,BRN,F,Athletics
PASZEK/HAKE,Bronze Medal,8/9/2024,GER,F,Canoe Sprint
Yemisi OGUNLEYE,Gold Medal,8/9/2024,GER,F,Athletics
Maddison-Lee WESCHE,Silver Medal,8/9/2024,NZL,F,Athletics
Patricia SAMPAIO,Bronze Medal,8/1/2024,POR,F,Judo
ANA PATRICIA/DUDA,Gold Medal,8/9/2024,BRA,F,Beach Volleyball
MELISSA/BRANDIE,Silver Medal,8/9/2024,CAN,F,Beach Volleyball
Pau ECHANIZ,Bronze Medal,8/1/2024,ESP,M,Canoe Slalom
Asadkhuja MUYDINKHUJAEV,Gold Medal,8/9/2024,UZB,M,Boxing
Marco Alonso VERDE ALVAREZ,Silver Medal,8/9/2024,MEX,M,Boxing
Lazizbek MULLOJONOV,Gold Medal,8/9/2024,UZB,M,Boxing
Loren Berto ALFONSO DOMINGUEZ,Silver Medal,8/9/2024,AZE,M,Boxing
WU Yu,Gold Medal,8/9/2024,CHN,F,Boxing
Buse Naz CAKIROGLU,Silver Medal,8/9/2024,TUR,F,Boxing
Imane KHELIF,Gold Medal,8/9/2024,ALG,F,Boxing
YANG Liu,Silver Medal,8/9/2024,CHN,F,Boxing
AMI,Gold Medal,8/9/2024,JPN,F,Breaking
NICKA,Silver Medal,8/9/2024,LTU,F,Breaking
Penny SMITH,Bronze Medal,7/31/2024,AUS,F,Shooting
Martin FUKSA,Gold Medal,8/9/2024,CZE,M,Canoe Sprint
Isaquias QUEIROZ,Silver Medal,8/9/2024,BRA,M,Canoe Sprint
Peter PALTCHIK,Bronze Medal,8/1/2024,ISR,M,Judo
SCHOPF/LEMKE,Gold Medal,8/9/2024,GER,M,Canoe Sprint
NADAS/TOTKA,Silver Medal,8/9/2024,HUN,M,Canoe Sprint
XU/SUN,Gold Medal,8/9/2024,CHN,F,Canoe Sprint
LUZAN/RYBACHOK,Silver Medal,8/9/2024,UKR,F,Canoe Sprint
PUPP/FOJT,Bronze Medal,8/9/2024,HUN,F,Canoe Sprint
CARRINGTON/HOSKIN,Gold Medal,8/9/2024,NZL,F,Canoe Sprint
CSIPES/GAZSO,Silver Medal,8/9/2024,HUN,F,Canoe Sprint
Rafael ALBA,Bronze Medal,8/10/2024,CUB,M,Taekwondo
Rajindra CAMPBELL,Bronze Medal,8/3/2024,JAM,M,Athletics
Harrie LAVREYSEN,Gold Medal,8/9/2024,NED,M,Cycling Track
Matthew RICHARDSON,Silver Medal,8/9/2024,AUS,M,Cycling Track
Rasheed BROADBELL,Bronze Medal,8/8/2024,JAM,M,Athletics
Italy,Gold Medal,8/9/2024,ITA,F,Cycling Track
Great Britain,Silver Medal,8/9/2024,GBR,F,Cycling Track
Rayssa LEAL,Bronze Medal,7/28/2024,BRA,F,Skateboarding
CHEN Yiwen,Gold Medal,8/9/2024,CHN,F,Diving
Maddison KEENEY,Silver Medal,8/9/2024,AUS,F,Diving
RI Se Ung,Bronze Medal,8/6/2024,PRK,M,Wrestling
Spain,Gold Medal,8/9/2024,ESP,M,Football
France,Silver Medal,8/9/2024,FRA,M,Football
Romain MAHIEU,Bronze Medal,8/2/2024,FRA,M,Cycling BMX Racing
Netherlands,Gold Medal,8/9/2024,NED,F,Hockey
China,Silver Medal,8/9/2024,CHN,F,Hockey
Roman MITYUKOV,Bronze Medal,8/1/2024,SUI,M,Swimming
Kristof RASOVSZKY,Gold Medal,8/9/2024,HUN,M,Marathon Swimming
Oliver KLEMET,Silver Medal,8/9/2024,GER,M,Marathon Swimming
Romane DICKO,Bronze Medal,8/2/2024,FRA,F,Judo
Valentin BONTUS,Gold Medal,8/9/2024,AUT,M,Sailing
Toni VODISEK,Silver Medal,8/9/2024,SLO,M,Sailing
Ryan MURPHY,Bronze Medal,7/29/2024,USA,M,Swimming
Toby ROBERTS,Gold Medal,8/9/2024,GBR,M,Sport Climbing
ANRAKU Sorato,Silver Medal,8/9/2024,JPN,M,Sport Climbing
Sam WATSON,Bronze Medal,8/8/2024,USA,M,Sport Climbing
China,Gold Medal,8/9/2024,CHN,M,Table Tennis
Sweden,Silver Medal,8/9/2024,SWE,M,Table Tennis
Sandra ELKASEVIC,Bronze Medal,8/5/2024,CRO,F,Athletics
Firas KATOUSSI,Gold Medal,8/9/2024,TUN,M,Taekwondo
Mehran BARKHORDARI,Silver Medal,8/9/2024,IRI,M,Taekwondo
Sarah CHAARI,Bronze Medal,8/9/2024,BEL,F,Taekwondo
Sarah Leonie CYSIQUE,Bronze Medal,7/29/2024,FRA,F,Judo
Viviana MARTON,Gold Medal,8/9/2024,HUN,F,Taekwondo
Aleksandra PERISIC,Silver Medal,8/9/2024,SRB,F,Taekwondo
Sebastian C RIVERA,Bronze Medal,8/11/2024,PUR,M,Wrestling
SEONG Seungmin,Bronze Medal,8/11/2024,KOR,F,Modern Pentathlon
Serbia,Bronze Medal,8/10/2024,SRB,M,Basketball
Karlos May NASAR,Gold Medal,8/9/2024,BUL,M,Weightlifting
Yeison LOPEZ,Silver Medal,8/9/2024,COL,M,Weightlifting
Serghei TARNOVSCHI,Bronze Medal,8/9/2024,MDA,M,Canoe Sprint
Olivia REEVES,Gold Medal,8/9/2024,USA,F,Weightlifting
Mari Leivis SANCHEZ,Silver Medal,8/9/2024,COL,F,Weightlifting
Shirine BOUKLI,Bronze Medal,7/27/2024,FRA,F,Judo
HIGUCHI Rei,Gold Medal,8/9/2024,JPN,M,Wrestling
Spencer Richard LEE,Silver Medal,8/9/2024,USA,M,Wrestling
Sifan HASSAN,Bronze Medal,8/5/2024,NED,F,Athletics
Sifan HASSAN,Bronze Medal,8/9/2024,NED,F,Athletics
Magomed Eldarovitch RAMAZANOV,Gold Medal,8/9/2024,BUL,M,Wrestling
Hassan YAZDANICHARATI,Silver Medal,8/9/2024,IRI,M,Wrestling
Simon van DORP,Bronze Medal,8/3/2024,NED,M,Rowing
Simone ALESSIO,Bronze Medal,8/9/2024,ITA,M,Taekwondo
SAKURAI Tsugumi,Gold Medal,8/9/2024,JPN,F,Wrestling
Anastasia NICHITA,Silver Medal,8/9/2024,MDA,F,Wrestling
Sky BROWN,Bronze Medal,8/6/2024,GBR,F,Skateboarding
Skylar PARK,Bronze Medal,8/8/2024,CAN,F,Taekwondo
China,Gold Medal,8/10/2024,CHN,F,Artistic Swimming
Great Britain,Silver Medal,8/10/2024,GBR,F,Artistic Swimming
Somon MAKHMADBEKOV,Bronze Medal,7/30/2024,TJK,M,Judo
United States,Gold Medal,8/10/2024,USA,M,Athletics
Botswana,Silver Medal,8/10/2024,BOT,M,Athletics
SONG Jiayuan,Bronze Medal,8/9/2024,CHN,F,Athletics
Jakob INGEBRIGTSEN,Gold Medal,8/10/2024,NOR,M,Athletics
Ronald KWEMOI,Silver Medal,8/10/2024,KEN,M,Athletics
Sophiane METHOT,Bronze Medal,8/2/2024,CAN,F,Trampoline Gymnastics
Emmanuel WANYONYI,Gold Medal,8/10/2024,KEN,M,Athletics
Marco AROP,Silver Medal,8/10/2024,CAN,M,Athletics
Hamish KERR,Gold Medal,8/10/2024,NZL,M,Athletics
Shelby McEWEN,Silver Medal,8/10/2024,USA,M,Athletics
Tamirat TOLA,Gold Medal,8/10/2024,ETH,M,Athletics
Bashir ABDI,Silver Medal,8/10/2024,BEL,M,Athletics
Masai RUSSELL,Gold Medal,8/10/2024,USA,F,Athletics
Cyrena SAMBA-MAYELA,Silver Medal,8/10/2024,FRA,F,Athletics
Stefano PESCHIERA,Bronze Medal,8/7/2024,PER,M,Sailing
Faith KIPYEGON,Gold Medal,8/10/2024,KEN,F,Athletics
Jessica HULL,Silver Medal,8/10/2024,AUS,F,Athletics
Stephen NEDOROSCIK,Bronze Medal,8/3/2024,USA,M,Artistic Gymnastics
United States,Gold Medal,8/10/2024,USA,F,Athletics
Netherlands,Silver Medal,8/10/2024,NED,F,Athletics
STEYAERT/PICON,Bronze Medal,8/2/2024,FRA,F,Sailing
KITAGUCHI Haruka,Gold Medal,8/10/2024,JPN,F,Athletics
Jo-Ane van DYK,Silver Medal,8/10/2024,RSA,F,Athletics
Sunisa LEE,Bronze Medal,8/1/2024,USA,F,Artistic Gymnastics
United States,Gold Medal,8/10/2024,USA,M,Basketball
France,Silver Medal,8/10/2024,FRA,M,Basketball
Sunisa LEE,Bronze Medal,8/4/2024,USA,F,Artistic Gymnastics
AHMAN/HELLVIG,Gold Medal,8/10/2024,SWE,M,Beach Volleyball
EHLERS/WICKLER,Silver Medal,8/10/2024,GER,M,Beach Volleyball
Surodchana KHAMBAO,Bronze Medal,8/7/2024,THA,F,Weightlifting
Bakhodir JALOLOV,Gold Medal,8/10/2024,UZB,M,Boxing
Ayoub GHADFA DRISSI EL AISSAOUI,Silver Medal,8/10/2024,ESP,M,Boxing
Abdumalik KHALOKOV,Gold Medal,8/10/2024,UZB,M,Boxing
Munarbek SEIITBEK UULU,Silver Medal,8/10/2024,KGZ,M,Boxing
LIN Yu Ting,Gold Medal,8/10/2024,TPE,F,Boxing
Julia SZEREMETA,Silver Medal,8/10/2024,POL,F,Boxing
LI Qian,Gold Medal,8/10/2024,CHN,F,Boxing
Atheyna Bibeichi BYLON,Silver Medal,8/10/2024,PAN,F,Boxing
PHIL WIZARD,Gold Medal,8/10/2024,CAN,M,Breaking
DANY DANN,Silver Medal,8/10/2024,FRA,M,Breaking
SUSAKI Yui,Bronze Medal,8/7/2024,JPN,F,Wrestling
Josef DOSTAL,Gold Medal,8/10/2024,CZE,M,Canoe Sprint
Adam VARGA,Silver Medal,8/10/2024,HUN,M,Canoe Sprint
Swapnil KUSALE,Bronze Medal,8/1/2024,IND,M,Shooting
Katie VINCENT,Gold Medal,8/10/2024,CAN,F,Canoe Sprint
Nevin HARRISON,Silver Medal,8/10/2024,USA,F,Canoe Sprint
Switzerland,Bronze Medal,8/2/2024,SUI,M,Rowing
Lisa CARRINGTON,Gold Medal,8/10/2024,NZL,F,Canoe Sprint
Tamara CSIPES,Silver Medal,8/10/2024,HUN,F,Canoe Sprint
Taha AKGUL,Bronze Medal,8/10/2024,TUR,M,Wrestling
Portugal,Gold Medal,8/10/2024,POR,M,Cycling Track
Italy,Silver Medal,8/10/2024,ITA,M,Cycling Track
TANG Chia-Hung,Bronze Medal,8/5/2024,TPE,M,Artistic Gymnastics
CAO Yuan,Gold Medal,8/10/2024,CHN,M,Diving
TAMAI Rikuto,Silver Medal,8/10/2024,JPN,M,Diving
Tara BABULFATH,Bronze Medal,7/27/2024,SWE,F,Judo
United States,Gold Medal,8/10/2024,USA,F,Football
Brazil,Silver Medal,8/10/2024,BRA,F,Football
Lydia KO,Gold Medal,8/10/2024,NZL,F,Golf
Esther HENSELEIT,Silver Medal,8/10/2024,GER,F,Golf
Tatiana RENTERIA RENTERIA,Bronze Medal,8/11/2024,COL,F,Wrestling
Norway,Gold Medal,8/10/2024,NOR,F,Handball
France,Silver Medal,8/10/2024,FRA,F,Handball
Temur RAKHIMOV,Bronze Medal,8/2/2024,TJK,M,Judo
Ahmed ELGENDY,Gold Medal,8/10/2024,EGY,M,Modern Pentathlon
SATO Taishu,Silver Medal,8/10/2024,JPN,M,Modern Pentathlon
Tes SCHOUTEN,Bronze Medal,8/1/2024,NED,F,Swimming
Janja GARNBRET,Gold Medal,8/10/2024,SLO,F,Sport Climbing
Brooke RABOUTOU,Silver Medal,8/10/2024,USA,F,Sport Climbing
Theodoros TSELIDIS,Bronze Medal,7/31/2024,GRE,M,Judo
China,Gold Medal,8/10/2024,CHN,F,Table Tennis
Japan,Silver Medal,8/10/2024,JPN,F,Table Tennis
Turpal Ali BISULTANOV,Bronze Medal,8/8/2024,DEN,M,Wrestling
Arian SALIMI,Gold Medal,8/10/2024,IRI,M,Taekwondo
Caden CUNNINGHAM,Silver Medal,8/10/2024,GBR,M,Taekwondo
Althea LAURIN,Gold Medal,8/10/2024,FRA,F,Taekwondo
Svetlana OSIPOVA,Silver Medal,8/10/2024,UZB,F,Taekwondo
France,Gold Medal,8/10/2024,FRA,M,Volleyball
Poland,Silver Medal,8/10/2024,POL,M,Volleyball
Uzur DZHUZUPBEKOV,Bronze Medal,8/7/2024,KGZ,M,Wrestling
Spain,Gold Medal,8/10/2024,ESP,F,Water Polo
Australia,Silver Medal,8/10/2024,AUS,F,Water Polo
van der WE/GREEN,Bronze Medal,8/9/2024,AUS,M,Canoe Sprint
Lasha TALAKHADZE,Gold Medal,8/10/2024,GEO,M,Weightlifting
Varazdat LALAYAN,Silver Medal,8/10/2024,ARM,M,Weightlifting
Veronika MAJOR,Bronze Medal,8/3/2024,HUN,F,Shooting
LIU Huanhua,Gold Medal,8/10/2024,CHN,M,Weightlifting
Akbar DJURAEV,Silver Medal,8/10/2024,UZB,M,Weightlifting
VICTOR,Bronze Medal,8/10/2024,USA,M,Breaking
Solfrid Eila Amena KOANDA,Gold Medal,8/10/2024,NOR,F,Weightlifting
Sara AHMED,Silver Medal,8/10/2024,EGY,F,Weightlifting
Viktorija SENKUTE,Bronze Medal,8/3/2024,LTU,F,Rowing
Geno PETRIASHVILI,Gold Medal,8/10/2024,GEO,M,Wrestling
Amir Hossein ZARE,Silver Medal,8/10/2024,IRI,M,Wrestling
WANG Shun,Bronze Medal,8/2/2024,CHN,M,Swimming
WANG Xinjie,Bronze Medal,8/5/2024,CHN,M,Shooting
Razambek Salambekovitch JAMALOV,Gold Medal,8/10/2024,UZB,M,Wrestling
TAKATANI Daichi,Silver Medal,8/10/2024,JPN,M,Wrestling
Wout van AERT,Bronze Medal,7/27/2024,BEL,M,Cycling Road
WU Shih Yi,Bronze Medal,8/3/2024,TPE,F,Boxing
MOTOKI Sakura,Gold Medal,8/10/2024,JPN,F,Wrestling
Iryna KOLIADENKO,Silver Medal,8/10/2024,UKR,F,Wrestling
Wyatt SANFORD,Bronze Medal,8/4/2024,CAN,M,Boxing
XIAO Ruoteng,Bronze Medal,7/31/2024,CHN,M,Artistic Gymnastics
Sifan HASSAN,Gold Medal,8/11/2024,NED,F,Athletics
Tigst ASSEFA,Silver Medal,8/11/2024,ETH,F,Athletics
YAN Langyu,Bronze Medal,8/2/2024,CHN,M,Trampoline Gymnastics
United States,Gold Medal,8/11/2024,USA,F,Basketball
France,Silver Medal,8/11/2024,FRA,F,Basketball
Yared NUGUSE,Bronze Medal,8/6/2024,USA,M,Athletics
Harrie LAVREYSEN,Gold Medal,8/11/2024,NED,M,Cycling Track
Matthew RICHARDSON,Silver Medal,8/11/2024,AUS,M,Cycling Track
Yarisleidis CIRILO DUBOYS,Bronze Medal,8/10/2024,CUB,F,Canoe Sprint
Jennifer VALENTE,Gold Medal,8/11/2024,USA,F,Cycling Track
Daria PIKULIK,Silver Medal,8/11/2024,POL,F,Cycling Track
Yauheni TSIKHANTSOU,Bronze Medal,8/10/2024,AIN,M,Weightlifting
Ellesse ANDREWS,Gold Medal,8/11/2024,NZL,F,Cycling Track
Lea FRIEDRICH,Silver Medal,8/11/2024,GER,F,Cycling Track
Yunior ALCANTARA REYES,Bronze Medal,8/4/2024,DOM,M,Boxing
Denmark,Gold Medal,8/11/2024,DEN,M,Handball
Germany,Silver Medal,8/11/2024,GER,M,Handball
Zhan BELENIUK,Bronze Medal,8/8/2024,UKR,M,Wrestling
Michelle GULYAS,Gold Medal,8/11/2024,HUN,F,Modern Pentathlon
Elodie CLOUVEL,Silver Medal,8/11/2024,FRA,F,Modern Pentathlon
ZHANG Boheng,Bronze Medal,8/5/2024,CHN,M,Artistic Gymnastics
Italy,Gold Medal,8/11/2024,ITA,F,Volleyball
United States,Silver Medal,8/11/2024,USA,F,Volleyball
Serbia,Gold Medal,8/11/2024,SRB,M,Water Polo
Croatia,Silver Medal,8/11/2024,CRO,M,Water Polo
ZHANG Qiongyue,Bronze Medal,8/2/2024,CHN,F,Shooting
LI Wenwen,Gold Medal,8/11/2024,CHN,F,Weightlifting
PARK Hyejeong,Silver Medal,8/11/2024,KOR,F,Weightlifting
ZHANG Yufei,Bronze Medal,7/28/2024,CHN,F,Swimming
KIYOOKA Kotaro,Gold Medal,8/11/2024,JPN,M,Wrestling
Rahman AMOUZADKHALILI,Silver Medal,8/11/2024,IRI,M,Wrestling
ZHANG Yufei,Bronze Medal,8/1/2024,CHN,F,Swimming
ZHANG Yufei,Bronze Medal,8/4/2024,CHN,F,Swimming
Akhmed TAZHUDINOV,Gold Medal,8/11/2024,BRN,M,Wrestling
Givi MATCHARASHVILI,Silver Medal,8/11/2024,GEO,M,Wrestling
ZHAO Jie,Bronze Medal,8/6/2024,CHN,F,Athletics
Zholaman SHARSHENBEKOV,Bronze Medal,8/6/2024,KGZ,M,Wrestling
KAGAMI Yuka,Gold Medal,8/11/2024,JPN,F,Wrestling
Kennedy Alexis BLADES,Silver Medal,8/11/2024,USA,F,Wrestling
Zii Jia LEE,Bronze Medal,8/5/2024,MAS,M,Badminton
Zoe CLAESSENS,Bronze Medal,8/2/2024,SUI,F,Cycling BMX Racing
