,Athlete Name,Medal Type,Medal Date,Country Code,Gender,Sport Discipline
0,Remco EVENEPOEL,Gold Medal,27 JUL,BEL,M,Cycling Road
1,Filippo GANNA,Silver Medal,27 JUL,ITA,M,Cycling Road
2,Wout van AERT,Bronze Medal,27 JUL,BEL,M,Cycling Road
3,Grace BROWN,Gold Medal,27 JUL,AUS,W,Cycling Road
4,Anna HENDERSON,Silver Medal,27 JUL,GBR,W,Cycling Road
5,Chloe DYGERT,Bronze Medal,27 JUL,USA,W,Cycling Road
7,OH Sanguk,Gold Medal,27 JUL,KOR,M,Fencing
8,Fares FERJANI,Silver Medal,27 JUL,TUN,M,Fencing
9,Luigi SAMELE,Bronze Medal,27 JUL,ITA,M,Fencing
10,KONG Man Wai Vivian,Gold Medal,27 JUL,HKG,W,Fencing
11,Auriane MALLO-BRETON,Silver Medal,27 JUL,FRA,W,Fencing
12,Eszter MUHARI,Bronze Medal,27 JUL,HUN,W,Fencing
13,Yeldos SMETOV,Gold Medal,27 JUL,KAZ,M,Judo
14,Luka MKHEIDZE,Silver Medal,27 JUL,FRA,M,Judo
15,NAGAYAMA Ryuju,Bronze Medal,27 JUL,JPN,M,Judo
16,Francisco GARRIGOS,Bronze Medal,27 JUL,ESP,M,Judo
17,TSUNODA Natsumi,Gold Medal,27 JUL,JPN,W,Judo
18,Baasankhuu BAVUUDORJ,Silver Medal,27 JUL,MGL,W,Judo
19,Shirine BOUKLI,Bronze Medal,27 JUL,FRA,W,Judo
20,Tara BABULFATH,Bronze Medal,27 JUL,SWE,W,Judo
24,Lukas MAERTENS,Gold Medal,27 JUL,GER,M,Swimming
25,Elijah WINNINGTON,Silver Medal,27 JUL,AUS,M,Swimming
26,KIM Woomin,Bronze Medal,27 JUL,KOR,M,Swimming
27,Ariarne TITMUS,Gold Medal,27 JUL,AUS,W,Swimming
28,Summer McINTOSH,Silver Medal,27 JUL,CAN,W,Swimming
29,Katie LEDECKY,Bronze Medal,27 JUL,USA,W,Swimming
31,Jessica FOX,Gold Medal,28 JUL,AUS,W,Canoe Slalom
32,Klaudia ZWOLINSKA,Silver Medal,28 JUL,POL,W,Canoe Slalom
33,Kimberley WOODS,Bronze Medal,28 JUL,GBR,W,Canoe Slalom
34,Pauline FERRAND PREVOT,Gold Medal,28 JUL,FRA,W,Cycling Mountain Bike
35,Haley BATTEN,Silver Medal,28 JUL,USA,W,Cycling Mountain Bike
36,Jenny RISSVEDS,Bronze Medal,28 JUL,SWE,W,Cycling Mountain Bike
37,KANO Koki,Gold Medal,28 JUL,JPN,M,Fencing
38,Yannick BOREL,Silver Medal,28 JUL,FRA,M,Fencing
39,Mohamed ELSAYED,Bronze Medal,28 JUL,EGY,M,Fencing
40,Lee KIEFER,Gold Medal,28 JUL,USA,W,Fencing
41,Lauren SCRUGGS,Silver Medal,28 JUL,USA,W,Fencing
42,Eleanor HARVEY,Bronze Medal,28 JUL,CAN,W,Fencing
43,ABE Hifumi,Gold Medal,28 JUL,JPN,M,Judo
44,Willian LIMA,Silver Medal,28 JUL,BRA,M,Judo
45,Gusman KYRGYZBAYEV,Bronze Medal,28 JUL,KAZ,M,Judo
46,Denis VIERU,Bronze Medal,28 JUL,MDA,M,Judo
47,Diyora KELDIYOROVA,Gold Medal,28 JUL,UZB,W,Judo
48,Distria KRASNIQI,Silver Medal,28 JUL,KOS,W,Judo
49,Larissa PIMENTA,Bronze Medal,28 JUL,BRA,W,Judo
50,Amandine BUCHARD,Bronze Medal,28 JUL,FRA,W,Judo
51,XIE Yu,Gold Medal,28 JUL,CHN,M,Shooting
52,Federico Nilo MALDINI,Silver Medal,28 JUL,ITA,M,Shooting
53,Paolo MONNA,Bronze Medal,28 JUL,ITA,M,Shooting
54,OH Ye Jin,Gold Medal,28 JUL,KOR,W,Shooting
55,KIM Yeji,Silver Medal,28 JUL,KOR,W,Shooting
56,Manu BHAKER,Bronze Medal,28 JUL,IND,W,Shooting
57,YOSHIZAWA Coco,Gold Medal,28 JUL,JPN,W,Skateboarding
58,AKAMA Liz,Silver Medal,28 JUL,JPN,W,Skateboarding
59,Rayssa LEAL,Bronze Medal,28 JUL,BRA,W,Skateboarding
60,Nicolo MARTINENGHI,Gold Medal,28 JUL,ITA,M,Swimming
61,Adam PEATY,Silver Medal,28 JUL,GBR,M,Swimming
62,Nic FINK,Silver Medal,28 JUL,USA,M,Swimming
63,Leon MARCHAND,Gold Medal,28 JUL,FRA,M,Swimming
64,MATSUSHITA Tomoyuki,Silver Medal,28 JUL,JPN,M,Swimming
65,Carson FOSTER,Bronze Medal,28 JUL,USA,M,Swimming
66,Torri HUSKE,Gold Medal,28 JUL,USA,W,Swimming
67,Gretchen WALSH,Silver Medal,28 JUL,USA,W,Swimming
68,ZHANG Yufei,Bronze Medal,28 JUL,CHN,W,Swimming
71,Nicolas GESTIN,Gold Medal,29 JUL,FRA,M,Canoe Slalom
72,Adam BURGESS,Silver Medal,29 JUL,GBR,M,Canoe Slalom
73,Matej BENUS,Bronze Medal,29 JUL,SVK,M,Canoe Slalom
74,Thomas PIDCOCK,Gold Medal,29 JUL,GBR,M,Cycling Mountain Bike
75,Victor KORETZKY,Silver Medal,29 JUL,FRA,M,Cycling Mountain Bike
76,Alan HATHERLY,Bronze Medal,29 JUL,RSA,M,Cycling Mountain Bike
78,Michael JUNG,Gold Medal,29 JUL,GER,O,Equestrian
79,Christopher BURTON,Silver Medal,29 JUL,AUS,O,Equestrian
80,Laura COLLETT,Bronze Medal,29 JUL,GBR,O,Equestrian
82,CHEUNG Ka Long,Gold Medal,29 JUL,HKG,M,Fencing
83,Filippo MACCHI,Silver Medal,29 JUL,ITA,M,Fencing
84,Nick ITKIN,Bronze Medal,29 JUL,USA,M,Fencing
85,Manon APITHY-BRUNET,Gold Medal,29 JUL,FRA,W,Fencing
86,Sara BALZER,Silver Medal,29 JUL,FRA,W,Fencing
87,Olga KHARLAN,Bronze Medal,29 JUL,UKR,W,Fencing
88,Hidayat HEYDAROV,Gold Medal,29 JUL,AZE,M,Judo
89,Joan-Benjamin GABA,Silver Medal,29 JUL,FRA,M,Judo
90,Adil OSMANOV,Bronze Medal,29 JUL,MDA,M,Judo
91,HASHIMOTO Soichi,Bronze Medal,29 JUL,JPN,M,Judo
92,Christa DEGUCHI,Gold Medal,29 JUL,CAN,W,Judo
93,HUH Mimi,Silver Medal,29 JUL,KOR,W,Judo
94,FUNAKUBO Haruka,Bronze Medal,29 JUL,JPN,W,Judo
95,Sarah Leonie CYSIQUE,Bronze Medal,29 JUL,FRA,W,Judo
96,SHENG Lihao,Gold Medal,29 JUL,CHN,M,Shooting
97,Victor LINDGREN,Silver Medal,29 JUL,SWE,M,Shooting
98,Miran MARICIC,Bronze Medal,29 JUL,CRO,M,Shooting
99,BAN Hyojin,Gold Medal,29 JUL,KOR,W,Shooting
100,HUANG Yuting,Silver Medal,29 JUL,CHN,W,Shooting
101,Audrey GOGNIAT,Bronze Medal,29 JUL,SUI,W,Shooting
102,HORIGOME Yuto,Gold Medal,29 JUL,JPN,M,Skateboarding
103,Jagger EATON,Silver Medal,29 JUL,USA,M,Skateboarding
104,Nyjah HUSTON,Bronze Medal,29 JUL,USA,M,Skateboarding
105,Thomas CECCON,Gold Medal,29 JUL,ITA,M,Swimming
106,XU Jiayu,Silver Medal,29 JUL,CHN,M,Swimming
107,Ryan MURPHY,Bronze Medal,29 JUL,USA,M,Swimming
108,David POPOVICI,Gold Medal,29 JUL,ROU,M,Swimming
109,Matthew RICHARDS,Silver Medal,29 JUL,GBR,M,Swimming
110,Luke HOBSON,Bronze Medal,29 JUL,USA,M,Swimming
111,Tatjana SMITH,Gold Medal,29 JUL,RSA,W,Swimming
112,TANG Qianting,Silver Medal,29 JUL,CHN,W,Swimming
113,Mona Mc SHARRY,Bronze Medal,29 JUL,IRL,W,Swimming
114,Mollie O'CALLAGHAN,Gold Medal,29 JUL,AUS,W,Swimming
115,Ariarne TITMUS,Silver Medal,29 JUL,AUS,W,Swimming
116,HAUGHEY Siobhan Bernadette,Bronze Medal,29 JUL,HKG,W,Swimming
117,Summer McINTOSH,Gold Medal,29 JUL,CAN,W,Swimming
118,Katie GRIMES,Silver Medal,29 JUL,USA,W,Swimming
119,Emma WEYANT,Bronze Medal,29 JUL,USA,W,Swimming
120,NAGASE Takanori,Gold Medal,30 JUL,JPN,M,Judo
121,Tato GRIGALASHVILI,Silver Medal,30 JUL,GEO,M,Judo
122,LEE Joonhwan,Bronze Medal,30 JUL,KOR,M,Judo
123,Somon MAKHMADBEKOV,Bronze Medal,30 JUL,TJK,M,Judo
124,Andreja LESKI,Gold Medal,30 JUL,SLO,W,Judo
125,Prisca AWITI ALCARAZ,Silver Medal,30 JUL,MEX,W,Judo
126,Clarisse AGBEGNENOU,Bronze Medal,30 JUL,FRA,W,Judo
127,Laura FAZLIU,Bronze Medal,30 JUL,KOS,W,Judo
130,Nathan HALES,Gold Medal,30 JUL,GBR,M,Shooting
131,QI Ying,Silver Medal,30 JUL,CHN,M,Shooting
132,Jean Pierre BROL CARDENAS,Bronze Medal,30 JUL,GUA,M,Shooting
134,Daniel WIFFEN,Gold Medal,30 JUL,IRL,M,Swimming
135,Bobby FINKE,Silver Medal,30 JUL,USA,M,Swimming
136,Gregorio PALTRINIERI,Bronze Medal,30 JUL,ITA,M,Swimming
137,Kaylee McKEOWN,Gold Medal,30 JUL,AUS,W,Swimming
138,Regan SMITH,Silver Medal,30 JUL,USA,W,Swimming
139,Katharine BERKOFF,Bronze Medal,30 JUL,USA,W,Swimming
140,WANG/SUN,Gold Medal,30 JUL,CHN,X,Table Tennis
141,RI/KIM,Silver Medal,30 JUL,PRK,X,Table Tennis
142,LIM/SHIN,Bronze Medal,30 JUL,KOR,X,Table Tennis
143,OKA Shinnosuke,Gold Medal,31 JUL,JPN,M,Artistic Gymnastics
144,ZHANG Boheng,Silver Medal,31 JUL,CHN,M,Artistic Gymnastics
145,XIAO Ruoteng,Bronze Medal,31 JUL,CHN,M,Artistic Gymnastics
146,Jessica FOX,Gold Medal,31 JUL,AUS,W,Canoe Slalom
147,Elena LILIK,Silver Medal,31 JUL,GER,W,Canoe Slalom
148,Evy LEIBFARTH,Bronze Medal,31 JUL,USA,W,Canoe Slalom
149,Jose TORRES GIL,Gold Medal,31 JUL,ARG,M,Cycling BMX Freestyle
150,Kieran Darren David REILLY,Silver Medal,31 JUL,GBR,M,Cycling BMX Freestyle
151,Anthony JEANJEAN,Bronze Medal,31 JUL,FRA,M,Cycling BMX Freestyle
152,DENG Yawen,Gold Medal,31 JUL,CHN,W,Cycling BMX Freestyle
153,Perris BENEGAS,Silver Medal,31 JUL,USA,W,Cycling BMX Freestyle
154,Natalya DIEHM,Bronze Medal,31 JUL,AUS,W,Cycling BMX Freestyle
155,DPR Korea,Silver Medal,31 JUL,PRK,W,Diving
158,Lasha BEKAURI,Gold Medal,31 JUL,GEO,M,Judo
159,MURAO Sanshiro,Silver Medal,31 JUL,JPN,M,Judo
160,Maxime-Gael NGAYAP HAMBOU,Bronze Medal,31 JUL,FRA,M,Judo
161,Theodoros TSELIDIS,Bronze Medal,31 JUL,GRE,M,Judo
162,Barbara MATIC,Gold Medal,31 JUL,CRO,W,Judo
163,Miriam BUTKEREIT,Silver Medal,31 JUL,GER,W,Judo
164,Michaela POLLERES,Bronze Medal,31 JUL,AUT,W,Judo
165,Gabriella WILLEMS,Bronze Medal,31 JUL,BEL,W,Judo
167,Adriana RUANO OLIVA,Gold Medal,31 JUL,GUA,W,Shooting
168,Silvana Maria STANCO,Silver Medal,31 JUL,ITA,W,Shooting
169,Penny SMITH,Bronze Medal,31 JUL,AUS,W,Shooting
170,PAN Zhanle,Gold Medal,31 JUL,CHN,M,Swimming
171,Kyle CHALMERS,Silver Medal,31 JUL,AUS,M,Swimming
172,David POPOVICI,Bronze Medal,31 JUL,ROU,M,Swimming
173,Leon MARCHAND,Gold Medal,31 JUL,FRA,M,Swimming
174,Zac STUBBLETY-COOK,Silver Medal,31 JUL,AUS,M,Swimming
175,Caspar CORBEAU,Bronze Medal,31 JUL,NED,M,Swimming
176,Leon MARCHAND,Gold Medal,31 JUL,FRA,M,Swimming
177,Kristof MILAK,Silver Medal,31 JUL,HUN,M,Swimming
178,Ilya KHARUN,Bronze Medal,31 JUL,CAN,M,Swimming
179,Sarah SJOESTROEM,Gold Medal,31 JUL,SWE,W,Swimming
180,Torri HUSKE,Silver Medal,31 JUL,USA,W,Swimming
181,HAUGHEY Siobhan Bernadette,Bronze Medal,31 JUL,HKG,W,Swimming
182,Katie LEDECKY,Gold Medal,31 JUL,USA,W,Swimming
183,Anastasiia KIRPICHNIKOVA,Silver Medal,31 JUL,FRA,W,Swimming
184,Isabel GOSE,Bronze Medal,31 JUL,GER,W,Swimming
185,Alex YEE,Gold Medal,31 JUL,GBR,M,Triathlon
186,Hayden WILDE,Silver Medal,31 JUL,NZL,M,Triathlon
187,Leo BERGERE,Bronze Medal,31 JUL,FRA,M,Triathlon
188,Cassandre BEAUGRAND,Gold Medal,31 JUL,FRA,W,Triathlon
189,Julie DERRON,Silver Medal,31 JUL,SUI,W,Triathlon
190,Beth POTTER,Bronze Medal,31 JUL,GBR,W,Triathlon
191,Simone BILES,Gold Medal,01 AUG,USA,W,Artistic Gymnastics
192,Rebeca ANDRADE,Silver Medal,01 AUG,BRA,W,Artistic Gymnastics
193,Sunisa LEE,Bronze Medal,01 AUG,USA,W,Artistic Gymnastics
194,Brian Daniel PINTADO,Gold Medal,01 AUG,ECU,M,Athletics
195,Caio BONFIM,Silver Medal,01 AUG,BRA,M,Athletics
196,Alvaro MARTIN,Bronze Medal,01 AUG,ESP,M,Athletics
197,YANG Jiayu,Gold Medal,01 AUG,CHN,W,Athletics
198,Maria PEREZ,Silver Medal,01 AUG,ESP,W,Athletics
199,Jemima MONTAG,Bronze Medal,01 AUG,AUS,W,Athletics
200,Giovanni de GENNARO,Gold Medal,01 AUG,ITA,M,Canoe Slalom
201,Titouan CASTRYCK,Silver Medal,01 AUG,FRA,M,Canoe Slalom
202,Pau ECHANIZ,Bronze Medal,01 AUG,ESP,M,Canoe Slalom
203,Zelym KOTSOIEV,Gold Medal,01 AUG,AZE,M,Judo
204,Ilia SULAMANIDZE,Silver Medal,01 AUG,GEO,M,Judo
205,Peter PALTCHIK,Bronze Medal,01 AUG,ISR,M,Judo
206,Muzaffarbek TUROBOYEV,Bronze Medal,01 AUG,UZB,M,Judo
207,Alice BELLANDI,Gold Medal,01 AUG,ITA,W,Judo
208,Inbar LANIR,Silver Medal,01 AUG,ISR,W,Judo
209,MA Zhenzhao,Bronze Medal,01 AUG,CHN,W,Judo
210,Patricia SAMPAIO,Bronze Medal,01 AUG,POR,W,Judo
214,LIU Yukun,Gold Medal,01 AUG,CHN,M,Shooting
215,Serhiy KULISH,Silver Medal,01 AUG,UKR,M,Shooting
216,Swapnil KUSALE,Bronze Medal,01 AUG,IND,M,Shooting
217,Hubert KOS,Gold Medal,01 AUG,HUN,M,Swimming
218,Apostolos CHRISTOU,Silver Medal,01 AUG,GRE,M,Swimming
220,Kate DOUGLASS,Gold Medal,01 AUG,USA,W,Swimming
221,Tatjana SMITH,Silver Medal,01 AUG,RSA,W,Swimming
222,Tes SCHOUTEN,Bronze Medal,01 AUG,NED,W,Swimming
223,Summer McINTOSH,Gold Medal,01 AUG,CAN,W,Swimming
224,Regan SMITH,Silver Medal,01 AUG,USA,W,Swimming
225,ZHANG Yufei,Bronze Medal,01 AUG,CHN,W,Swimming
227,Joshua CHEPTEGEI,Gold Medal,02 AUG,UGA,M,Athletics
228,Berihu AREGAWI,Silver Medal,02 AUG,ETH,M,Athletics
229,Grant FISHER,Bronze Medal,02 AUG,USA,M,Athletics
230,ZHENG/HUANG,Gold Medal,02 AUG,CHN,X,Badminton
231,KIM/JEONG,Silver Medal,02 AUG,KOR,X,Badminton
232,WATANABE/HIGASHINO,Bronze Medal,02 AUG,JPN,X,Badminton
233,Joris DAUDET,Gold Medal,02 AUG,FRA,M,Cycling BMX Racing
234,Sylvain ANDRE,Silver Medal,02 AUG,FRA,M,Cycling BMX Racing
235,Romain MAHIEU,Bronze Medal,02 AUG,FRA,M,Cycling BMX Racing
236,Saya SAKAKIBARA,Gold Medal,02 AUG,AUS,W,Cycling BMX Racing
237,Manon VEENSTRA,Silver Medal,02 AUG,NED,W,Cycling BMX Racing
238,Zoe CLAESSENS,Bronze Medal,02 AUG,SUI,W,Cycling BMX Racing
241,Teddy RINER,Gold Medal,02 AUG,FRA,M,Judo
242,KIM Minjong,Silver Medal,02 AUG,KOR,M,Judo
243,Temur RAKHIMOV,Bronze Medal,02 AUG,TJK,M,Judo
244,Alisher YUSUPOV,Bronze Medal,02 AUG,UZB,M,Judo
245,Beatriz SOUZA,Gold Medal,02 AUG,BRA,W,Judo
246,Raz HERSHKO,Silver Medal,02 AUG,ISR,W,Judo
247,KIM Hayun,Bronze Medal,02 AUG,KOR,W,Judo
251,BOTIN/TRITTEL,Gold Medal,02 AUG,ESP,M,Sailing
252,McHARDIE/McKENZIE,Silver Medal,02 AUG,NZL,M,Sailing
253,BARROWS/HENKEN,Bronze Medal,02 AUG,USA,M,Sailing
254,AANHOLT/DUETZ,Gold Medal,02 AUG,NED,W,Sailing
255,BOBECK/NETZLER,Silver Medal,02 AUG,SWE,W,Sailing
256,STEYAERT/PICON,Bronze Medal,02 AUG,FRA,W,Sailing
257,Chiara LEONE,Gold Medal,02 AUG,SUI,W,Shooting
258,Sagen MADDALENA,Silver Medal,02 AUG,USA,W,Shooting
259,ZHANG Qiongyue,Bronze Medal,02 AUG,CHN,W,Shooting
260,Leon MARCHAND,Gold Medal,02 AUG,FRA,M,Swimming
261,Duncan SCOTT,Silver Medal,02 AUG,GBR,M,Swimming
262,WANG Shun,Bronze Medal,02 AUG,CHN,M,Swimming
263,Cameron McEVOY,Gold Medal,02 AUG,AUS,M,Swimming
264,Benjamin PROUD,Silver Medal,02 AUG,GBR,M,Swimming
265,Florent MANAUDOU,Bronze Medal,02 AUG,FRA,M,Swimming
266,Kaylee McKEOWN,Gold Medal,02 AUG,AUS,W,Swimming
267,Regan SMITH,Silver Medal,02 AUG,USA,W,Swimming
268,Kylie MASSE,Bronze Medal,02 AUG,CAN,W,Swimming
269,SINIAKOVA/MACHAC,Gold Medal,02 AUG,CZE,X,Tennis
270,WANG/ZHANG,Silver Medal,02 AUG,CHN,X,Tennis
271,DABROWSKI/AUGER-ALIAS,Bronze Medal,02 AUG,CAN,X,Tennis
272,Iga SWIATEK,Bronze Medal,02 AUG,POL,W,Tennis
273,Ivan LITVINOVICH,Gold Medal,02 AUG,AIN,M,Trampoline Gymnastics
274,WANG Zisai,Silver Medal,02 AUG,CHN,M,Trampoline Gymnastics
275,YAN Langyu,Bronze Medal,02 AUG,CHN,M,Trampoline Gymnastics
276,Bryony PAGE,Gold Medal,02 AUG,GBR,W,Trampoline Gymnastics
277,Viyaleta BARDZILOUSKAYA,Silver Medal,02 AUG,AIN,W,Trampoline Gymnastics
278,Sophiane METHOT,Bronze Medal,02 AUG,CAN,W,Trampoline Gymnastics
279,LIM Sihyeon,Gold Medal,03 AUG,KOR,W,Archery
280,NAM Suhyeon,Silver Medal,03 AUG,KOR,W,Archery
281,Lisa BARBELIN,Bronze Medal,03 AUG,FRA,W,Archery
282,Carlos Edriel YULO,Gold Medal,03 AUG,PHI,M,Artistic Gymnastics
283,Artem DOLGOPYAT,Silver Medal,03 AUG,ISR,M,Artistic Gymnastics
284,Jake JARMAN,Bronze Medal,03 AUG,GBR,M,Artistic Gymnastics
285,Rhys MC CLENAGHAN,Gold Medal,03 AUG,IRL,M,Artistic Gymnastics
286,Nariman KURBANOV,Silver Medal,03 AUG,KAZ,M,Artistic Gymnastics
287,Stephen NEDOROSCIK,Bronze Medal,03 AUG,USA,M,Artistic Gymnastics
288,Simone BILES,Gold Medal,03 AUG,USA,W,Artistic Gymnastics
289,Rebeca ANDRADE,Silver Medal,03 AUG,BRA,W,Artistic Gymnastics
290,Jade CAREY,Bronze Medal,03 AUG,USA,W,Artistic Gymnastics
292,Markus ROOTH,Gold Medal,03 AUG,NOR,M,Athletics
293,Leo NEUGEBAUER,Silver Medal,03 AUG,GER,M,Athletics
294,Lindon VICTOR,Bronze Medal,03 AUG,GRN,M,Athletics
295,Ryan CROUSER,Gold Medal,03 AUG,USA,M,Athletics
296,Joe KOVACS,Silver Medal,03 AUG,USA,M,Athletics
297,Rajindra CAMPBELL,Bronze Medal,03 AUG,JAM,M,Athletics
298,Julien ALFRED,Gold Medal,03 AUG,LCA,W,Athletics
299,Sha'carri RICHARDSON,Silver Medal,03 AUG,USA,W,Athletics
300,Melissa JEFFERSON,Bronze Medal,03 AUG,USA,W,Athletics
301,Thea LAFOND,Gold Medal,03 AUG,DMA,W,Athletics
302,Shanieka RICKETTS,Silver Medal,03 AUG,JAM,W,Athletics
303,Jasmine MOORE,Bronze Medal,03 AUG,USA,W,Athletics
304,CHEN/JIA,Gold Medal,03 AUG,CHN,W,Badminton
305,LIU/TAN,Silver Medal,03 AUG,CHN,W,Badminton
306,MATSUYAMA/SHIDA,Bronze Medal,03 AUG,JPN,W,Badminton
307,WU Shih Yi,Bronze Medal,03 AUG,TPE,W,Boxing
308,Beatriz Iasmin SOARES FERREIRA,Bronze Medal,03 AUG,BRA,W,Boxing
309,Remco EVENEPOEL,Gold Medal,03 AUG,BEL,M,Cycling Road
310,Valentin MADOUAS,Silver Medal,03 AUG,FRA,M,Cycling Road
311,Christophe LAPORTE,Bronze Medal,03 AUG,FRA,M,Cycling Road
316,Oliver ZEIDLER,Gold Medal,03 AUG,GER,M,Rowing
317,Yauheni ZALATY,Silver Medal,03 AUG,AIN,M,Rowing
318,Simon van DORP,Bronze Medal,03 AUG,NED,M,Rowing
320,Karolien FLORIJN,Gold Medal,03 AUG,NED,W,Rowing
321,Emma TWIGG,Silver Medal,03 AUG,NZL,W,Rowing
322,Viktorija SENKUTE,Bronze Medal,03 AUG,LTU,W,Rowing
323,Tom REUVENY,Gold Medal,03 AUG,ISR,M,Sailing
324,Grae MORRIS,Silver Medal,03 AUG,AUS,M,Sailing
325,Luuc van OPZEELAND,Bronze Medal,03 AUG,NED,M,Sailing
326,Marta MAGGETTI,Gold Medal,03 AUG,ITA,W,Sailing
327,Sharon KANTOR,Silver Medal,03 AUG,ISR,W,Sailing
328,Emma WILSON,Bronze Medal,03 AUG,GBR,W,Sailing
329,YANG Jiin,Gold Medal,03 AUG,KOR,W,Shooting
330,Camille JEDRZEJEWSKI,Silver Medal,03 AUG,FRA,W,Shooting
331,Veronika MAJOR,Bronze Medal,03 AUG,HUN,W,Shooting
332,Vincent HANCOCK,Gold Medal,03 AUG,USA,M,Shooting
333,Conner Lynn PRINCE,Silver Medal,03 AUG,USA,M,Shooting
334,LEE Meng Yuan,Bronze Medal,03 AUG,TPE,M,Shooting
335,Kristof MILAK,Gold Medal,03 AUG,HUN,M,Swimming
336,Josh LIENDO,Silver Medal,03 AUG,CAN,M,Swimming
337,Ilya KHARUN,Bronze Medal,03 AUG,CAN,M,Swimming
338,Summer McINTOSH,Gold Medal,03 AUG,CAN,W,Swimming
339,Kate DOUGLASS,Silver Medal,03 AUG,USA,W,Swimming
340,Kaylee McKEOWN,Bronze Medal,03 AUG,AUS,W,Swimming
341,Katie LEDECKY,Gold Medal,03 AUG,USA,W,Swimming
342,Ariarne TITMUS,Silver Medal,03 AUG,AUS,W,Swimming
343,Paige MADDEN,Bronze Medal,03 AUG,USA,W,Swimming
344,CHEN Meng,Gold Medal,03 AUG,CHN,W,Table Tennis
345,SUN Yingsha,Silver Medal,03 AUG,CHN,W,Table Tennis
346,Hina HAYATA,Bronze Medal,03 AUG,JPN,W,Table Tennis
347,EBDEN/PEERS,Gold Medal,03 AUG,AUS,M,Tennis
348,KRAJICEK/RAM,Silver Medal,03 AUG,USA,M,Tennis
349,FRITZ/PAUL,Bronze Medal,03 AUG,USA,M,Tennis
350,Lorenzo MUSETTI,Bronze Medal,03 AUG,ITA,M,Tennis
351,ZHENG Qinwen,Gold Medal,03 AUG,CHN,W,Tennis
352,Donna VEKIC,Silver Medal,03 AUG,CRO,W,Tennis
353,KIM Woojin,Gold Medal,04 AUG,KOR,M,Archery
354,Brady ELLISON,Silver Medal,04 AUG,USA,M,Archery
355,LEE Wooseok,Bronze Medal,04 AUG,KOR,M,Archery
356,LIU Yang,Gold Medal,04 AUG,CHN,M,Artistic Gymnastics
357,ZOU Jingyuan,Silver Medal,04 AUG,CHN,M,Artistic Gymnastics
358,Eleftherios PETROUNIAS,Bronze Medal,04 AUG,GRE,M,Artistic Gymnastics
359,Carlos Edriel YULO,Gold Medal,04 AUG,PHI,M,Artistic Gymnastics
360,Artur DAVTYAN,Silver Medal,04 AUG,ARM,M,Artistic Gymnastics
361,Harry HEPWORTH,Bronze Medal,04 AUG,GBR,M,Artistic Gymnastics
362,Kaylia NEMOUR,Gold Medal,04 AUG,ALG,W,Artistic Gymnastics
363,QIU Qiyuan,Silver Medal,04 AUG,CHN,W,Artistic Gymnastics
364,Sunisa LEE,Bronze Medal,04 AUG,USA,W,Artistic Gymnastics
365,Noah LYLES,Gold Medal,04 AUG,USA,M,Athletics
366,Kishane THOMPSON,Silver Medal,04 AUG,JAM,M,Athletics
367,Fred KERLEY,Bronze Medal,04 AUG,USA,M,Athletics
368,Ethan KATZBERG,Gold Medal,04 AUG,CAN,M,Athletics
369,Bence HALASZ,Silver Medal,04 AUG,HUN,M,Athletics
370,Mykhaylo KOKHAN,Bronze Medal,04 AUG,UKR,M,Athletics
371,Yaroslava MAHUCHIKH,Gold Medal,04 AUG,UKR,W,Athletics
372,Nicola OLYSLAGERS,Silver Medal,04 AUG,AUS,W,Athletics
373,Iryna GERASHCHENKO,Bronze Medal,04 AUG,UKR,W,Athletics
374,Eleanor PATTERSON,Bronze Medal,04 AUG,AUS,W,Athletics
375,LEE/WANG,Gold Medal,04 AUG,TPE,M,Badminton
376,LIANG/WANG,Silver Medal,04 AUG,CHN,M,Badminton
377,CHIA/SOH,Bronze Medal,04 AUG,MAS,M,Badminton
378,Yunior ALCANTARA REYES,Bronze Medal,04 AUG,DOM,M,Boxing
379,David de PINA,Bronze Medal,04 AUG,CPV,M,Boxing
380,Wyatt SANFORD,Bronze Medal,04 AUG,CAN,M,Boxing
381,Lasha GURULI,Bronze Medal,04 AUG,GEO,M,Boxing
382,Cristian Javier PINALES,Bronze Medal,04 AUG,DOM,M,Boxing
383,Arlen LOPEZ CARDONA,Bronze Medal,04 AUG,CUB,M,Boxing
384,Enmanuel REYES PLA,Bronze Medal,04 AUG,ESP,M,Boxing
385,Davlat BOLTAEV,Bronze Medal,04 AUG,TJK,M,Boxing
386,PANG Cholmi,Bronze Medal,04 AUG,PRK,W,Boxing
387,IM Aeji,Bronze Medal,04 AUG,KOR,W,Boxing
388,Kristen FAULKNER,Gold Medal,04 AUG,USA,W,Cycling Road
389,Marianne VOS,Silver Medal,04 AUG,NED,W,Cycling Road
390,Lotte KOPECKY,Bronze Medal,04 AUG,BEL,W,Cycling Road
391,Jessica von BREDOW-WERNDL,Gold Medal,04 AUG,GER,O,Equestrian
392,Isabell WERTH,Silver Medal,04 AUG,GER,O,Equestrian
393,Charlotte FRY,Bronze Medal,04 AUG,GBR,O,Equestrian
394,Scottie SCHEFFLER,Gold Medal,04 AUG,USA,M,Golf
395,Tommy FLEETWOOD,Silver Medal,04 AUG,GBR,M,Golf
396,MATSUYAMA Hideki,Bronze Medal,04 AUG,JPN,M,Golf
398,Amber Jo RUTTER,Silver Medal,04 AUG,GBR,W,Shooting
399,Austen Jewell SMITH,Bronze Medal,04 AUG,USA,W,Shooting
400,Bobby FINKE,Gold Medal,04 AUG,USA,M,Swimming
401,Gregorio PALTRINIERI,Silver Medal,04 AUG,ITA,M,Swimming
402,Daniel WIFFEN,Bronze Medal,04 AUG,IRL,M,Swimming
403,Sarah SJOESTROEM,Gold Medal,04 AUG,SWE,W,Swimming
404,Meg HARRIS,Silver Medal,04 AUG,AUS,W,Swimming
405,ZHANG Yufei,Bronze Medal,04 AUG,CHN,W,Swimming
406,FAN Zhendong,Gold Medal,04 AUG,CHN,M,Table Tennis
407,Truls MOREGARD,Silver Medal,04 AUG,SWE,M,Table Tennis
408,Felix LEBRUN,Bronze Medal,04 AUG,FRA,M,Table Tennis
409,Novak DJOKOVIC,Gold Medal,04 AUG,SRB,M,Tennis
410,Carlos ALCARAZ,Silver Medal,04 AUG,ESP,M,Tennis
411,ERRANI/PAOLINI,Gold Medal,04 AUG,ITA,W,Tennis
412,ANDREEVA/SHNAIDER,Silver Medal,04 AUG,AIN,W,Tennis
413,BUCSA/SORRIBES TORMO,Bronze Medal,04 AUG,ESP,W,Tennis
414,OKA Shinnosuke,Gold Medal,05 AUG,JPN,M,Artistic Gymnastics
415,Angel BARAJAS,Silver Medal,05 AUG,COL,M,Artistic Gymnastics
416,ZHANG Boheng,Bronze Medal,05 AUG,CHN,M,Artistic Gymnastics
417,TANG Chia-Hung,Bronze Medal,05 AUG,TPE,M,Artistic Gymnastics
418,ZOU Jingyuan,Gold Medal,05 AUG,CHN,M,Artistic Gymnastics
419,Illia KOVTUN,Silver Medal,05 AUG,UKR,M,Artistic Gymnastics
420,OKA Shinnosuke,Bronze Medal,05 AUG,JPN,M,Artistic Gymnastics
421,Alice D'AMATO,Gold Medal,05 AUG,ITA,W,Artistic Gymnastics
422,ZHOU Yaqin,Silver Medal,05 AUG,CHN,W,Artistic Gymnastics
423,Manila ESPOSITO,Bronze Medal,05 AUG,ITA,W,Artistic Gymnastics
424,Rebeca ANDRADE,Gold Medal,05 AUG,BRA,W,Artistic Gymnastics
425,Simone BILES,Silver Medal,05 AUG,USA,W,Artistic Gymnastics
426,Ana BARBOSU,Bronze Medal,05 AUG,ROU,W,Artistic Gymnastics
427,Armand DUPLANTIS,Gold Medal,05 AUG,SWE,M,Athletics
428,Sam KENDRICKS,Silver Medal,05 AUG,USA,M,Athletics
429,Emmanouil KARALIS,Bronze Medal,05 AUG,GRE,M,Athletics
430,Beatrice CHEBET,Gold Medal,05 AUG,KEN,W,Athletics
431,Faith KIPYEGON,Silver Medal,05 AUG,KEN,W,Athletics
432,Sifan HASSAN,Bronze Medal,05 AUG,NED,W,Athletics
433,Keely HODGKINSON,Gold Medal,05 AUG,GBR,W,Athletics
434,Tsige DUGUMA,Silver Medal,05 AUG,ETH,W,Athletics
435,Mary MORAA,Bronze Medal,05 AUG,KEN,W,Athletics
436,Valarie ALLMAN,Gold Medal,05 AUG,USA,W,Athletics
437,FENG Bin,Silver Medal,05 AUG,CHN,W,Athletics
438,Sandra ELKASEVIC,Bronze Medal,05 AUG,CRO,W,Athletics
439,Viktor AXELSEN,Gold Medal,05 AUG,DEN,M,Badminton
440,Kunlavut VITIDSARN,Silver Medal,05 AUG,THA,M,Badminton
441,Zii Jia LEE,Bronze Medal,05 AUG,MAS,M,Badminton
442,AN Se Young,Gold Medal,05 AUG,KOR,W,Badminton
443,HE Bing Jiao,Silver Medal,05 AUG,CHN,W,Badminton
444,Finn BUTCHER,Gold Medal,05 AUG,NZL,M,Canoe Slalom
445,Joseph CLARKE,Silver Medal,05 AUG,GBR,M,Canoe Slalom
446,Noah HEGGE,Bronze Medal,05 AUG,GER,M,Canoe Slalom
447,Noemie FOX,Gold Medal,05 AUG,AUS,W,Canoe Slalom
448,Angele HUG,Silver Medal,05 AUG,FRA,W,Canoe Slalom
449,Kimberley WOODS,Bronze Medal,05 AUG,GBR,W,Canoe Slalom
451,LI Yuehong,Gold Medal,05 AUG,CHN,M,Shooting
452,CHO Yeongjae,Silver Medal,05 AUG,KOR,M,Shooting
453,WANG Xinjie,Bronze Medal,05 AUG,CHN,M,Shooting
456,Kauli VAAST,Gold Medal,05 AUG,FRA,M,Surfing
457,Jack ROBINSON,Silver Medal,05 AUG,AUS,M,Surfing
458,Gabriel MEDINA,Bronze Medal,05 AUG,BRA,M,Surfing
459,Caroline MARKS,Gold Medal,05 AUG,USA,W,Surfing
460,Tatiana WESTON-WEBB,Silver Medal,05 AUG,BRA,W,Surfing
461,Johanne DEFAY,Bronze Medal,05 AUG,FRA,W,Surfing
463,Cole HOCKER,Gold Medal,06 AUG,USA,M,Athletics
464,Josh KERR,Silver Medal,06 AUG,GBR,M,Athletics
465,Yared NUGUSE,Bronze Medal,06 AUG,USA,M,Athletics
466,Miltiadis TENTOGLOU,Gold Medal,06 AUG,GRE,M,Athletics
467,Wayne PINNOCK,Silver Medal,06 AUG,JAM,M,Athletics
468,Mattia FURLANI,Bronze Medal,06 AUG,ITA,M,Athletics
469,Gabrielle THOMAS,Gold Medal,06 AUG,USA,W,Athletics
470,Julien ALFRED,Silver Medal,06 AUG,LCA,W,Athletics
471,Brittany BROWN,Bronze Medal,06 AUG,USA,W,Athletics
472,Winfred YAVI,Gold Medal,06 AUG,BRN,W,Athletics
474,Faith CHEROTICH,Bronze Medal,06 AUG,KEN,W,Athletics
475,Camryn ROGERS,Gold Medal,06 AUG,CAN,W,Athletics
476,Annette Nneka ECHIKUNWOKE,Silver Medal,06 AUG,USA,W,Athletics
477,ZHAO Jie,Bronze Medal,06 AUG,CHN,W,Athletics
478,Omari JONES,Bronze Medal,06 AUG,USA,M,Boxing
479,Lewis RICHARDSON,Bronze Medal,06 AUG,GBR,M,Boxing
480,Nazym KYZAIBAY,Bronze Medal,06 AUG,KAZ,W,Boxing
481,Aira VILLEGAS,Bronze Medal,06 AUG,PHI,W,Boxing
482,Kellie HARRINGTON,Gold Medal,06 AUG,IRL,W,Boxing
483,YANG Wenlu,Silver Medal,06 AUG,CHN,W,Boxing
484,Janjaem SUWANNAPHENG,Bronze Medal,06 AUG,THA,W,Boxing
485,CHEN Nien Chin,Bronze Medal,06 AUG,TPE,W,Boxing
487,QUAN Hongchan,Gold Medal,06 AUG,CHN,W,Diving
488,CHEN Yuxi,Silver Medal,06 AUG,CHN,W,Diving
489,KIM Mi Rae,Bronze Medal,06 AUG,PRK,W,Diving
490,Christian KUKUK,Gold Medal,06 AUG,GER,O,Equestrian
491,Steve GUERDAT,Silver Medal,06 AUG,SUI,O,Equestrian
492,Maikel van der VLEUTEN,Bronze Medal,06 AUG,NED,O,Equestrian
493,Arisa TREW,Gold Medal,06 AUG,AUS,W,Skateboarding
494,HIRAKI Cocona,Silver Medal,06 AUG,JPN,W,Skateboarding
495,Sky BROWN,Bronze Medal,06 AUG,GBR,W,Skateboarding
496,Mijain LOPEZ NUNEZ,Gold Medal,06 AUG,CUB,M,Wrestling
497,Yasmani ACOSTA FERNANDEZ,Silver Medal,06 AUG,CHI,M,Wrestling
498,Amin MIRZAZADEH,Bronze Medal,06 AUG,IRI,M,Wrestling
499,MENG Lingzhe,Bronze Medal,06 AUG,CHN,M,Wrestling
500,FUMITA Kenichiro,Gold Medal,06 AUG,JPN,M,Wrestling
501,CAO Liguo,Silver Medal,06 AUG,CHN,M,Wrestling
502,Zholaman SHARSHENBEKOV,Bronze Medal,06 AUG,KGZ,M,Wrestling
503,RI Se Ung,Bronze Medal,06 AUG,PRK,M,Wrestling
504,Amit ELOR,Gold Medal,06 AUG,USA,W,Wrestling
505,Meerim ZHUMANAZAROVA,Silver Medal,06 AUG,KGZ,W,Wrestling
506,Buse CAVUSOGLU TOSUN,Bronze Medal,06 AUG,TUR,W,Wrestling
507,OZAKI Nonoka,Bronze Medal,06 AUG,JPN,W,Wrestling
508,MARTIN A/PEREZ M,Gold Medal,07 AUG,ESP,X,Athletics
509,PINTADO B/MOREJON G,Silver Medal,07 AUG,ECU,X,Athletics
510,COWLEY R/MONTAG J,Bronze Medal,07 AUG,AUS,X,Athletics
511,Soufiane EL BAKKALI,Gold Medal,07 AUG,MAR,M,Athletics
512,Kenneth ROOKS,Silver Medal,07 AUG,USA,M,Athletics
513,Abraham KIBIWOT,Bronze Medal,07 AUG,KEN,M,Athletics
514,Quincy HALL,Gold Medal,07 AUG,USA,M,Athletics
515,Matthew HUDSON-SMITH,Silver Medal,07 AUG,GBR,M,Athletics
516,Muzala SAMUKONGA,Bronze Medal,07 AUG,ZAM,M,Athletics
517,Roje STONA,Gold Medal,07 AUG,JAM,M,Athletics
518,Mykolas ALEKNA,Silver Medal,07 AUG,LTU,M,Athletics
519,Matthew DENNY,Bronze Medal,07 AUG,AUS,M,Athletics
520,Nina KENNEDY,Gold Medal,07 AUG,AUS,W,Athletics
521,Katie MOON,Silver Medal,07 AUG,USA,W,Athletics
522,Alysha NEWMAN,Bronze Medal,07 AUG,CAN,W,Athletics
523,Nelvie Raman TIAFACK,Bronze Medal,07 AUG,GER,M,Boxing
524,Djamili-Dini ABOUDOU MOINDZE,Bronze Medal,07 AUG,FRA,M,Boxing
525,Erislandy ALVAREZ BORGES,Gold Medal,07 AUG,CUB,M,Boxing
526,Sofiane OUMIHA,Silver Medal,07 AUG,FRA,M,Boxing
527,Oleksandr KHYZHNIAK,Gold Medal,07 AUG,UKR,M,Boxing
528,Nurbek ORALBAY,Silver Medal,07 AUG,KAZ,M,Boxing
529,Esra YILDIZ KAHRAMAN,Bronze Medal,07 AUG,TUR,W,Boxing
530,Nesthy PETECIO,Bronze Medal,07 AUG,PHI,W,Boxing
533,Matt WEARN,Gold Medal,07 AUG,AUS,M,Sailing
534,Pavlos KONTIDES,Silver Medal,07 AUG,CYP,M,Sailing
535,Stefano PESCHIERA,Bronze Medal,07 AUG,PER,M,Sailing
536,Marit BOUWMEESTER,Gold Medal,07 AUG,NED,W,Sailing
537,Anne-Marie RINDOM,Silver Medal,07 AUG,DEN,W,Sailing
538,Line Flem HOEST,Bronze Medal,07 AUG,NOR,W,Sailing
539,Keegan PALMER,Gold Medal,07 AUG,AUS,M,Skateboarding
540,Tom SCHAAR,Silver Medal,07 AUG,USA,M,Skateboarding
541,Augusto AKIO,Bronze Medal,07 AUG,BRA,M,Skateboarding
542,Aleksandra MIROSLAW,Gold Medal,07 AUG,POL,W,Sport Climbing
543,DENG Lijuan,Silver Medal,07 AUG,CHN,W,Sport Climbing
544,Aleksandra KALUCKA,Bronze Medal,07 AUG,POL,W,Sport Climbing
545,PARK Taejoon,Gold Medal,07 AUG,KOR,M,Taekwondo
546,Gashim MAGOMEDOV,Silver Medal,07 AUG,AZE,M,Taekwondo
547,Cyrian RAVET,Bronze Medal,07 AUG,FRA,M,Taekwondo
548,Mohamed Khalil JENDOUBI,Bronze Medal,07 AUG,TUN,M,Taekwondo
549,Panipak WONGPATTANAKIT,Gold Medal,07 AUG,THA,W,Taekwondo
550,GUO Qing,Silver Medal,07 AUG,CHN,W,Taekwondo
551,Mobina NEMATZADEH,Bronze Medal,07 AUG,IRI,W,Taekwondo
552,Lena STOJKOVIC,Bronze Medal,07 AUG,CRO,W,Taekwondo
553,LI Fabin,Gold Medal,07 AUG,CHN,M,Weightlifting
554,Theerapong SILACHAI,Silver Medal,07 AUG,THA,M,Weightlifting
555,Hampton MORRIS,Bronze Medal,07 AUG,USA,M,Weightlifting
556,HOU Zhihui,Gold Medal,07 AUG,CHN,W,Weightlifting
557,Mihaela Valentina CAMBEI,Silver Medal,07 AUG,ROU,W,Weightlifting
558,Surodchana KHAMBAO,Bronze Medal,07 AUG,THA,W,Weightlifting
559,KUSAKA Nao,Gold Medal,07 AUG,JPN,M,Wrestling
560,Demeu ZHADRAYEV,Silver Medal,07 AUG,KAZ,M,Wrestling
561,Malkhas AMOYAN,Bronze Medal,07 AUG,ARM,M,Wrestling
562,Akzhol MAKHMUDOV,Bronze Medal,07 AUG,KGZ,M,Wrestling
563,Mohammadhadi SARAVI,Gold Medal,07 AUG,IRI,M,Wrestling
564,Artur ALEKSANYAN,Silver Medal,07 AUG,ARM,M,Wrestling
565,Gabriel Alejandro ROSILLO KINDELAN,Bronze Medal,07 AUG,CUB,M,Wrestling
566,Uzur DZHUZUPBEKOV,Bronze Medal,07 AUG,KGZ,M,Wrestling
567,Sarah Ann HILDEBRANDT,Gold Medal,07 AUG,USA,W,Wrestling
568,Yusneylis GUZMAN LOPEZ,Silver Medal,07 AUG,CUB,W,Wrestling
569,SUSAKI Yui,Bronze Medal,07 AUG,JPN,W,Wrestling
570,FENG Ziqi,Bronze Medal,07 AUG,CHN,W,Wrestling
571,Grant HOLLOWAY,Gold Medal,08 AUG,USA,M,Athletics
572,Daniel ROBERTS,Silver Medal,08 AUG,USA,M,Athletics
573,Rasheed BROADBELL,Bronze Medal,08 AUG,JAM,M,Athletics
574,Letsile TEBOGO,Gold Medal,08 AUG,BOT,M,Athletics
575,Kenneth BEDNAREK,Silver Medal,08 AUG,USA,M,Athletics
576,Noah LYLES,Bronze Medal,08 AUG,USA,M,Athletics
577,Arshad NADEEM,Gold Medal,08 AUG,PAK,M,Athletics
578,Neeraj CHOPRA,Silver Medal,08 AUG,IND,M,Athletics
579,Anderson PETERS,Bronze Medal,08 AUG,GRN,M,Athletics
580,Sydney McLAUGHLIN-LEVRONE,Gold Medal,08 AUG,USA,W,Athletics
581,Anna COCKRELL,Silver Medal,08 AUG,USA,W,Athletics
582,Femke BOL,Bronze Medal,08 AUG,NED,W,Athletics
583,Tara DAVIS-WOODHALL,Gold Medal,08 AUG,USA,W,Athletics
584,Malaika MIHAMBO,Silver Medal,08 AUG,GER,W,Athletics
585,Jasmine MOORE,Bronze Medal,08 AUG,USA,W,Athletics
586,Hasanboy DUSMATOV,Gold Medal,08 AUG,UZB,M,Boxing
587,Billal BENNAMA,Silver Medal,08 AUG,FRA,M,Boxing
588,Charlie SENIOR,Bronze Medal,08 AUG,AUS,M,Boxing
589,Javier IBANEZ DIAZ,Bronze Medal,08 AUG,BUL,M,Boxing
590,CHANG Yuan,Gold Medal,08 AUG,CHN,W,Boxing
591,Hatice AKBAS,Silver Medal,08 AUG,TUR,W,Boxing
592,Caitlin PARKER,Bronze Medal,08 AUG,AUS,W,Boxing
593,Cindy Winner DJANKEU NGAMBA,Bronze Medal,08 AUG,EOR,W,Boxing
594,LIU/JI,Gold Medal,08 AUG,CHN,M,Canoe Sprint
595,CASADEI/TACCHINI,Silver Medal,08 AUG,ITA,M,Canoe Sprint
596,MORENO/DOMINGUEZ,Bronze Medal,08 AUG,ESP,M,Canoe Sprint
597,Benjamin THOMAS,Gold Medal,08 AUG,FRA,M,Cycling Track
598,Iuri LEITAO,Silver Medal,08 AUG,POR,M,Cycling Track
599,Fabio van den BOSSCHE,Bronze Medal,08 AUG,BEL,M,Cycling Track
600,Ellesse ANDREWS,Gold Medal,08 AUG,NZL,W,Cycling Track
601,Hetty van de WOUW,Silver Medal,08 AUG,NED,W,Cycling Track
602,Emma FINUCANE,Bronze Medal,08 AUG,GBR,W,Cycling Track
603,XIE Siyi,Gold Medal,08 AUG,CHN,M,Diving
604,WANG Zongyuan,Silver Medal,08 AUG,CHN,M,Diving
605,Osmar OLVERA IBARRA,Bronze Medal,08 AUG,MEX,M,Diving
606,Sharon van ROUWENDAAL,Gold Medal,08 AUG,NED,W,Marathon Swimming
607,Moesha JOHNSON,Silver Medal,08 AUG,AUS,W,Marathon Swimming
608,Ginevra TADDEUCCI,Bronze Medal,08 AUG,ITA,W,Marathon Swimming
609,VADLAU/MAEHR,Gold Medal,08 AUG,AUT,X,Sailing
610,OKADA/YOSHIOKA,Silver Medal,08 AUG,JPN,X,Sailing
611,DAHLBERG/KARLSSON,Bronze Medal,08 AUG,SWE,X,Sailing
612,TITA/BANTI,Gold Medal,08 AUG,ITA,X,Sailing
613,MAJDALANI/BOSCO,Silver Medal,08 AUG,ARG,X,Sailing
614,WILKINSON/DAWSON,Bronze Medal,08 AUG,NZL,X,Sailing
615,Eleanor ALDRIDGE,Gold Medal,08 AUG,GBR,W,Sailing
616,Lauriane NOLOT,Silver Medal,08 AUG,FRA,W,Sailing
617,Annelous LAMMERTS,Bronze Medal,08 AUG,NED,W,Sailing
618,Veddriq LEONARDO,Gold Medal,08 AUG,INA,M,Sport Climbing
619,WU Peng,Silver Medal,08 AUG,CHN,M,Sport Climbing
620,Sam WATSON,Bronze Medal,08 AUG,USA,M,Sport Climbing
621,Ulugbek RASHITOV,Gold Medal,08 AUG,UZB,M,Taekwondo
622,Zaid KAREEM,Silver Medal,08 AUG,JOR,M,Taekwondo
623,LIANG Yushuai,Bronze Medal,08 AUG,CHN,M,Taekwondo
624,Edival PONTES,Bronze Medal,08 AUG,BRA,M,Taekwondo
625,KIM Yujin,Gold Medal,08 AUG,KOR,W,Taekwondo
626,Nahid KIYANICHANDEH,Silver Medal,08 AUG,IRI,W,Taekwondo
627,Skylar PARK,Bronze Medal,08 AUG,CAN,W,Taekwondo
628,Alizadeh KIMIA,Bronze Medal,08 AUG,BUL,W,Taekwondo
629,Rizki JUNIANSYAH,Gold Medal,08 AUG,INA,M,Weightlifting
630,Weeraphon WICHUMA,Silver Medal,08 AUG,THA,M,Weightlifting
631,Bozhidar Dimitrov ANDREEV,Bronze Medal,08 AUG,BUL,M,Weightlifting
632,LUO Shifang,Gold Medal,08 AUG,CHN,W,Weightlifting
633,Maude CHARRON,Silver Medal,08 AUG,CAN,W,Weightlifting
634,KUO Hsing-Chun,Bronze Medal,08 AUG,TPE,W,Weightlifting
635,Saeid ESMAEILI LEIVESI,Gold Medal,08 AUG,IRI,M,Wrestling
636,Parviz NASIBOV,Silver Medal,08 AUG,UKR,M,Wrestling
637,Hasrat JAFAROV,Bronze Medal,08 AUG,AZE,M,Wrestling
638,Luis Alberto ORTA SANCHEZ,Bronze Medal,08 AUG,CUB,M,Wrestling
639,Semen Sergeevich NOVIKOV,Gold Medal,08 AUG,BUL,M,Wrestling
640,Alireza MOHMADIPIANI,Silver Medal,08 AUG,IRI,M,Wrestling
641,Zhan BELENIUK,Bronze Medal,08 AUG,UKR,M,Wrestling
642,Turpal Ali BISULTANOV,Bronze Medal,08 AUG,DEN,M,Wrestling
643,FUJINAMI Akari,Gold Medal,08 AUG,JPN,W,Wrestling
644,Lucia Yamileth YEPEZ GUZMAN,Silver Medal,08 AUG,ECU,W,Wrestling
645,CHOE Hyo Gyong,Bronze Medal,08 AUG,PRK,W,Wrestling
646,PANG Qianyu,Bronze Medal,08 AUG,CHN,W,Wrestling
648,Rai BENJAMIN,Gold Medal,09 AUG,USA,M,Athletics
649,Karsten WARHOLM,Silver Medal,09 AUG,NOR,M,Athletics
650,Alison dos SANTOS,Bronze Medal,09 AUG,BRA,M,Athletics
652,Pedro PICHARDO,Silver Medal,09 AUG,POR,M,Athletics
653,Andy DIAZ HERNANDEZ,Bronze Medal,09 AUG,ITA,M,Athletics
654,Beatrice CHEBET,Gold Medal,09 AUG,KEN,W,Athletics
655,Nadia BATTOCLETTI,Silver Medal,09 AUG,ITA,W,Athletics
656,Sifan HASSAN,Bronze Medal,09 AUG,NED,W,Athletics
658,Marileidy PAULINO,Gold Medal,09 AUG,DOM,W,Athletics
659,Salwa Eid NASER,Silver Medal,09 AUG,BRN,W,Athletics
660,Natalia KACZMAREK,Bronze Medal,09 AUG,POL,W,Athletics
661,Yemisi OGUNLEYE,Gold Medal,09 AUG,GER,W,Athletics
662,Maddison-Lee WESCHE,Silver Medal,09 AUG,NZL,W,Athletics
663,SONG Jiayuan,Bronze Medal,09 AUG,CHN,W,Athletics
664,ANA PATRICIA/DUDA,Gold Medal,09 AUG,BRA,W,Beach Volleyball
665,MELISSA/BRANDIE,Silver Medal,09 AUG,CAN,W,Beach Volleyball
666,HUBERLI/BRUNNER,Bronze Medal,09 AUG,SUI,W,Beach Volleyball
667,Asadkhuja MUYDINKHUJAEV,Gold Medal,09 AUG,UZB,M,Boxing
668,Marco Alonso VERDE ALVAREZ,Silver Medal,09 AUG,MEX,M,Boxing
669,Lazizbek MULLOJONOV,Gold Medal,09 AUG,UZB,M,Boxing
670,Loren Berto ALFONSO DOMINGUEZ,Silver Medal,09 AUG,AZE,M,Boxing
671,WU Yu,Gold Medal,09 AUG,CHN,W,Boxing
672,Buse Naz CAKIROGLU,Silver Medal,09 AUG,TUR,W,Boxing
673,Imane KHELIF,Gold Medal,09 AUG,ALG,W,Boxing
674,YANG Liu,Silver Medal,09 AUG,CHN,W,Boxing
675,AMI,Gold Medal,09 AUG,JPN,W,Breaking
676,NICKA,Silver Medal,09 AUG,LTU,W,Breaking
678,Martin FUKSA,Gold Medal,09 AUG,CZE,M,Canoe Sprint
679,Isaquias QUEIROZ,Silver Medal,09 AUG,BRA,M,Canoe Sprint
680,Serghei TARNOVSCHI,Bronze Medal,09 AUG,MDA,M,Canoe Sprint
681,SCHOPF/LEMKE,Gold Medal,09 AUG,GER,M,Canoe Sprint
682,NADAS/TOTKA,Silver Medal,09 AUG,HUN,M,Canoe Sprint
683,van der WE/GREEN,Bronze Medal,09 AUG,AUS,M,Canoe Sprint
684,XU/SUN,Gold Medal,09 AUG,CHN,W,Canoe Sprint
685,LUZAN/RYBACHOK,Silver Medal,09 AUG,UKR,W,Canoe Sprint
686,MACKENZIE/VINCENT,Bronze Medal,09 AUG,CAN,W,Canoe Sprint
687,CARRINGTON/HOSKIN,Gold Medal,09 AUG,NZL,W,Canoe Sprint
688,CSIPES/GAZSO,Silver Medal,09 AUG,HUN,W,Canoe Sprint
689,PASZEK/HAKE,Bronze Medal,09 AUG,GER,W,Canoe Sprint
690,PUPP/FOJT,Bronze Medal,09 AUG,HUN,W,Canoe Sprint
691,Harrie LAVREYSEN,Gold Medal,09 AUG,NED,M,Cycling Track
692,Matthew RICHARDSON,Silver Medal,09 AUG,AUS,M,Cycling Track
693,Jack CARLIN,Bronze Medal,09 AUG,GBR,M,Cycling Track
695,CHEN Yiwen,Gold Medal,09 AUG,CHN,W,Diving
696,Maddison KEENEY,Silver Medal,09 AUG,AUS,W,Diving
697,CHANG Yani,Bronze Medal,09 AUG,CHN,W,Diving
698,Kristof RASOVSZKY,Gold Medal,09 AUG,HUN,M,Marathon Swimming
699,Oliver KLEMET,Silver Medal,09 AUG,GER,M,Marathon Swimming
700,David BETLEHEM,Bronze Medal,09 AUG,HUN,M,Marathon Swimming
701,Valentin BONTUS,Gold Medal,09 AUG,AUT,M,Sailing
702,Toni VODISEK,Silver Medal,09 AUG,SLO,M,Sailing
703,Maximilian MAEDER,Bronze Medal,09 AUG,SGP,M,Sailing
704,Toby ROBERTS,Gold Medal,09 AUG,GBR,M,Sport Climbing
705,ANRAKU Sorato,Silver Medal,09 AUG,JPN,M,Sport Climbing
706,Jakob SCHUBERT,Bronze Medal,09 AUG,AUT,M,Sport Climbing
707,Firas KATOUSSI,Gold Medal,09 AUG,TUN,M,Taekwondo
708,Mehran BARKHORDARI,Silver Medal,09 AUG,IRI,M,Taekwondo
709,Simone ALESSIO,Bronze Medal,09 AUG,ITA,M,Taekwondo
710,Edi HRNIC,Bronze Medal,09 AUG,DEN,M,Taekwondo
711,Viviana MARTON,Gold Medal,09 AUG,HUN,W,Taekwondo
712,Aleksandra PERISIC,Silver Medal,09 AUG,SRB,W,Taekwondo
713,Kristina TEACHOUT,Bronze Medal,09 AUG,USA,W,Taekwondo
714,Sarah CHAARI,Bronze Medal,09 AUG,BEL,W,Taekwondo
715,Karlos May NASAR,Gold Medal,09 AUG,BUL,M,Weightlifting
716,Yeison LOPEZ,Silver Medal,09 AUG,COL,M,Weightlifting
717,Antonino PIZZOLATO,Bronze Medal,09 AUG,ITA,M,Weightlifting
718,Olivia REEVES,Gold Medal,09 AUG,USA,W,Weightlifting
719,Mari Leivis SANCHEZ,Silver Medal,09 AUG,COL,W,Weightlifting
720,Angie Paola PALACIOS DAJOMES,Bronze Medal,09 AUG,ECU,W,Weightlifting
721,HIGUCHI Rei,Gold Medal,09 AUG,JPN,M,Wrestling
722,Spencer Richard LEE,Silver Medal,09 AUG,USA,M,Wrestling
723,Aman AMAN,Bronze Medal,09 AUG,IND,M,Wrestling
724,Gulomjon ABDULLAEV,Bronze Medal,09 AUG,UZB,M,Wrestling
725,Magomed Eldarovitch RAMAZANOV,Gold Medal,09 AUG,BUL,M,Wrestling
726,Hassan YAZDANICHARATI,Silver Medal,09 AUG,IRI,M,Wrestling
727,Aaron Marquel BROOKS,Bronze Medal,09 AUG,USA,M,Wrestling
728,Dauren KURUGLIEV,Bronze Medal,09 AUG,GRE,M,Wrestling
729,SAKURAI Tsugumi,Gold Medal,09 AUG,JPN,W,Wrestling
730,Anastasia NICHITA,Silver Medal,09 AUG,MDA,W,Wrestling
731,Helen Louise MAROULIS,Bronze Medal,09 AUG,USA,W,Wrestling
732,HONG Kexin,Bronze Medal,09 AUG,CHN,W,Wrestling
735,Jakob INGEBRIGTSEN,Gold Medal,10 AUG,NOR,M,Athletics
736,Ronald KWEMOI,Silver Medal,10 AUG,KEN,M,Athletics
737,Grant FISHER,Bronze Medal,10 AUG,USA,M,Athletics
738,Emmanuel WANYONYI,Gold Medal,10 AUG,KEN,M,Athletics
739,Marco AROP,Silver Medal,10 AUG,CAN,M,Athletics
740,Djamel SEDJATI,Bronze Medal,10 AUG,ALG,M,Athletics
741,Hamish KERR,Gold Medal,10 AUG,NZL,M,Athletics
742,Shelby McEWEN,Silver Medal,10 AUG,USA,M,Athletics
743,Mutaz Essa BARSHIM,Bronze Medal,10 AUG,QAT,M,Athletics
744,Tamirat TOLA,Gold Medal,10 AUG,ETH,M,Athletics
745,Bashir ABDI,Silver Medal,10 AUG,BEL,M,Athletics
746,Benson KIPRUTO,Bronze Medal,10 AUG,KEN,M,Athletics
747,Masai RUSSELL,Gold Medal,10 AUG,USA,W,Athletics
748,Cyrena SAMBA-MAYELA,Silver Medal,10 AUG,FRA,W,Athletics
749,Jasmine CAMACHO-QUINN,Bronze Medal,10 AUG,PUR,W,Athletics
750,Faith KIPYEGON,Gold Medal,10 AUG,KEN,W,Athletics
751,Jessica HULL,Silver Medal,10 AUG,AUS,W,Athletics
754,KITAGUCHI Haruka,Gold Medal,10 AUG,JPN,W,Athletics
755,Jo-Ane van DYK,Silver Medal,10 AUG,RSA,W,Athletics
756,Nikola OGRODNIKOVA,Bronze Medal,10 AUG,CZE,W,Athletics
757,AHMAN/HELLVIG,Gold Medal,10 AUG,SWE,M,Beach Volleyball
758,EHLERS/WICKLER,Silver Medal,10 AUG,GER,M,Beach Volleyball
759,MOL/SORUM,Bronze Medal,10 AUG,NOR,M,Beach Volleyball
760,Bakhodir JALOLOV,Gold Medal,10 AUG,UZB,M,Boxing
761,Ayoub GHADFA DRISSI EL AISSAOUI,Silver Medal,10 AUG,ESP,M,Boxing
763,Munarbek SEIITBEK UULU,Silver Medal,10 AUG,KGZ,M,Boxing
764,LIN Yu Ting,Gold Medal,10 AUG,TPE,W,Boxing
765,Julia SZEREMETA,Silver Medal,10 AUG,POL,W,Boxing
766,LI Qian,Gold Medal,10 AUG,CHN,W,Boxing
767,Atheyna Bibeichi BYLON,Silver Medal,10 AUG,PAN,W,Boxing
768,PHIL WIZARD,Gold Medal,10 AUG,CAN,M,Breaking
769,DANY DANN,Silver Medal,10 AUG,FRA,M,Breaking
770,VICTOR,Bronze Medal,10 AUG,USA,M,Breaking
771,Josef DOSTAL,Gold Medal,10 AUG,CZE,M,Canoe Sprint
772,Adam VARGA,Silver Medal,10 AUG,HUN,M,Canoe Sprint
773,Balint KOPASZ,Bronze Medal,10 AUG,HUN,M,Canoe Sprint
774,Katie VINCENT,Gold Medal,10 AUG,CAN,W,Canoe Sprint
775,Nevin HARRISON,Silver Medal,10 AUG,USA,W,Canoe Sprint
776,Yarisleidis CIRILO DUBOYS,Bronze Medal,10 AUG,CUB,W,Canoe Sprint
777,Lisa CARRINGTON,Gold Medal,10 AUG,NZL,W,Canoe Sprint
778,Tamara CSIPES,Silver Medal,10 AUG,HUN,W,Canoe Sprint
779,Emma Aastrand JORGENSEN,Bronze Medal,10 AUG,DEN,W,Canoe Sprint
780,CAO Yuan,Gold Medal,10 AUG,CHN,M,Diving
781,TAMAI Rikuto,Silver Medal,10 AUG,JPN,M,Diving
782,Noah WILLIAMS,Bronze Medal,10 AUG,GBR,M,Diving
783,Lydia KO,Gold Medal,10 AUG,NZL,W,Golf
784,Esther HENSELEIT,Silver Medal,10 AUG,GER,W,Golf
785,LIN Xiyu Janet,Bronze Medal,10 AUG,CHN,W,Golf
786,Ahmed ELGENDY,Gold Medal,10 AUG,EGY,M,Modern Pentathlon
787,SATO Taishu,Silver Medal,10 AUG,JPN,M,Modern Pentathlon
788,Giorgio MALAN,Bronze Medal,10 AUG,ITA,M,Modern Pentathlon
789,Janja GARNBRET,Gold Medal,10 AUG,SLO,W,Sport Climbing
790,Brooke RABOUTOU,Silver Medal,10 AUG,USA,W,Sport Climbing
791,Jessica PILZ,Bronze Medal,10 AUG,AUT,W,Sport Climbing
793,Arian SALIMI,Gold Medal,10 AUG,IRI,M,Taekwondo
794,Caden CUNNINGHAM,Silver Medal,10 AUG,GBR,M,Taekwondo
795,Rafael ALBA,Bronze Medal,10 AUG,CUB,M,Taekwondo
796,Cheick Sallah CISSE,Bronze Medal,10 AUG,CIV,M,Taekwondo
797,Althea LAURIN,Gold Medal,10 AUG,FRA,W,Taekwondo
798,Svetlana OSIPOVA,Silver Medal,10 AUG,UZB,W,Taekwondo
799,LEE Dabin,Bronze Medal,10 AUG,KOR,W,Taekwondo
800,Nafia KUS AYDIN,Bronze Medal,10 AUG,TUR,W,Taekwondo
801,Lasha TALAKHADZE,Gold Medal,10 AUG,GEO,M,Weightlifting
802,Varazdat LALAYAN,Silver Medal,10 AUG,ARM,M,Weightlifting
803,Gor MINASYAN,Bronze Medal,10 AUG,BRN,M,Weightlifting
804,LIU Huanhua,Gold Medal,10 AUG,CHN,M,Weightlifting
805,Akbar DJURAEV,Silver Medal,10 AUG,UZB,M,Weightlifting
806,Yauheni TSIKHANTSOU,Bronze Medal,10 AUG,AIN,M,Weightlifting
807,Solfrid Eila Amena KOANDA,Gold Medal,10 AUG,NOR,W,Weightlifting
808,Sara AHMED,Silver Medal,10 AUG,EGY,W,Weightlifting
809,Neisi Patricia DAJOMES BARRERA,Bronze Medal,10 AUG,ECU,W,Weightlifting
810,Geno PETRIASHVILI,Gold Medal,10 AUG,GEO,M,Wrestling
811,Amir Hossein ZARE,Silver Medal,10 AUG,IRI,M,Wrestling
812,Taha AKGUL,Bronze Medal,10 AUG,TUR,M,Wrestling
813,Giorgi MESHVILDISHVILI,Bronze Medal,10 AUG,AZE,M,Wrestling
814,Razambek Salambekovitch JAMALOV,Gold Medal,10 AUG,UZB,M,Wrestling
815,TAKATANI Daichi,Silver Medal,10 AUG,JPN,M,Wrestling
816,Kyle Douglas DAKE,Bronze Medal,10 AUG,USA,M,Wrestling
817,Chermen VALIEV,Bronze Medal,10 AUG,ALB,M,Wrestling
818,MOTOKI Sakura,Gold Medal,10 AUG,JPN,W,Wrestling
819,Iryna KOLIADENKO,Silver Medal,10 AUG,UKR,W,Wrestling
820,Aisuluu TYNYBEKOVA,Bronze Medal,10 AUG,KGZ,W,Wrestling
821,Grace Jacob BULLEN,Bronze Medal,10 AUG,NOR,W,Wrestling
822,Sifan HASSAN,Gold Medal,11 AUG,NED,W,Athletics
823,Tigst ASSEFA,Silver Medal,11 AUG,ETH,W,Athletics
824,Hellen OBIRI,Bronze Medal,11 AUG,KEN,W,Athletics
825,Harrie LAVREYSEN,Gold Medal,11 AUG,NED,M,Cycling Track
826,Matthew RICHARDSON,Silver Medal,11 AUG,AUS,M,Cycling Track
827,Matthew GLAETZER,Bronze Medal,11 AUG,AUS,M,Cycling Track
828,Jennifer VALENTE,Gold Medal,11 AUG,USA,W,Cycling Track
829,Daria PIKULIK,Silver Medal,11 AUG,POL,W,Cycling Track
830,Ally WOLLASTON,Bronze Medal,11 AUG,NZL,W,Cycling Track
831,Ellesse ANDREWS,Gold Medal,11 AUG,NZL,W,Cycling Track
832,Lea FRIEDRICH,Silver Medal,11 AUG,GER,W,Cycling Track
833,Emma FINUCANE,Bronze Medal,11 AUG,GBR,W,Cycling Track
834,Michelle GULYAS,Gold Medal,11 AUG,HUN,W,Modern Pentathlon
835,Elodie CLOUVEL,Silver Medal,11 AUG,FRA,W,Modern Pentathlon
836,SEONG Seungmin,Bronze Medal,11 AUG,KOR,W,Modern Pentathlon
837,LI Wenwen,Gold Medal,11 AUG,CHN,W,Weightlifting
838,PARK Hyejeong,Silver Medal,11 AUG,KOR,W,Weightlifting
839,Emily CAMPBELL,Bronze Medal,11 AUG,GBR,W,Weightlifting
840,KIYOOKA Kotaro,Gold Medal,11 AUG,JPN,M,Wrestling
841,Rahman AMOUZADKHALILI,Silver Medal,11 AUG,IRI,M,Wrestling
842,Sebastian C RIVERA,Bronze Medal,11 AUG,PUR,M,Wrestling
843,Islam DUDAEV,Bronze Medal,11 AUG,ALB,M,Wrestling
844,Akhmed TAZHUDINOV,Gold Medal,11 AUG,BRN,M,Wrestling
845,Givi MATCHARASHVILI,Silver Medal,11 AUG,GEO,M,Wrestling
846,Magomedkhan MAGOMEDOV,Bronze Medal,11 AUG,AZE,M,Wrestling
847,Amirali AZARPIRA,Bronze Medal,11 AUG,IRI,M,Wrestling
848,KAGAMI Yuka,Gold Medal,11 AUG,JPN,W,Wrestling
849,Kennedy Alexis BLADES,Silver Medal,11 AUG,USA,W,Wrestling
850,Milaimy de la Carid. MARIN POTRILLE,Bronze Medal,11 AUG,CUB,W,Wrestling
851,Tatiana RENTERIA RENTERIA,Bronze Medal,11 AUG,COL,W,Wrestling
